Store,RR State,Store Format,Store Name,City,Timing
2083,Andhra Pradesh,FRESH,Seethammadhara,VISAKHAPATNAM,9am-10pm
2086,Andhra Pradesh,FRESH,Marippalem,VISAKHAPATNAM,9am-10pm
2087,Andhra Pradesh,FRESH,MVP Colony,VISAKHAPATNAM,9am-10pm
2088,Andhra Pradesh,FRESH,Chinna Waltair,VISAKHAPATNAM,9am-10pm
2090,Andhra Pradesh,FRESH,Surya Raopet,VIJAYAWADA,9am-10pm
2091,Andhra Pradesh,FRESH,OneTown,VIJAYAWADA,9am-10pm
2094,Andhra Pradesh,FRESH,Arundelpet,GUNTUR,9am-10pm
2095,Andhra Pradesh,FRESH,Kothapet,GUNTUR,9am-10pm
2386,Andhra Pradesh,FRESH,Pedda Waltair,VISAKHAPATNAM,9am-10pm
2388,Andhra Pradesh,FRESH,Shantipuram,VISAKHAPATNAM,9am-10pm
2391,Andhra Pradesh,FRESH,Koritipadu,GUNTUR,9am-10pm
2393,Andhra Pradesh,FRESH,M G Road,VIJAYAWADA,9am-10pm
2835,Andhra Pradesh,FRESH,Gajuvaka,VISAKHAPATNAM,9am-10pm
6732,Andhra Pradesh,FRESH,Patamata,VIJAYAWADA,9am-10pm
2208,Gujarat,FRESH,OrnetArcade,AHMEDABAD,9am-10pm
2211,Gujarat,FRESH,Suruchi,AHMEDABAD,9am-10pm
2214,Gujarat,FRESH,Shalvik Avenue,AHMEDABAD,9am-10pm
2220,Gujarat,FRESH,SG mall,AHMEDABAD,9am-10pm
2225,Gujarat,FRESH,Sector-21,AHMEDABAD,9am-10pm
2226,Gujarat,FRESH,ScienceSquare,AHMEDABAD,9am-10pm
2404,Gujarat,FRESH,Onyx,AHMEDABAD,9am-10pm
2407,Gujarat,FRESH,Sangath Mall,AHMEDABAD,9am-10pm
2412,Gujarat,FRESH,Sarthi,VADODARA,9am-10pm
2774,Gujarat,FRESH,Parth Empire- Maninagar,AHMEDABAD,9am-10pm
2784,Gujarat,FRESH,Girikandra,VADODARA,9am-10pm
2816,Gujarat,FRESH,Shyam Shikar,AHMEDABAD,9am-10pm
2848,Gujarat,FRESH,KshitijNavrangpura,AHMEDABAD,9am-10pm
2876,Gujarat,FRESH,Shahibaugh,AHMEDABAD,9am-10pm
3060,Gujarat,FRESH,Balaji Arcade,VADODARA,9am-10pm
3207,Gujarat,FRESH,HighStreet,AHMEDABAD,9am-10pm
2982,Haryana,FRESH,RF Panchkula - SCO-9,Panchkula,9am-10pm
2118,Jharkhand,FRESH,Bahu Bazar,RANCHI,9am-10pm
2120,Jharkhand,FRESH,RathodCircularRoad,RANCHI,9am-10pm
2121,Jharkhand,FRESH,VyasEnclave,RANCHI,9am-10pm
2299,Jharkhand,FRESH,Dimna-Akask Kalsi,JAMSHEDPUR,9am-10pm
2300,Jharkhand,FRESH,T.K Complex,JAMSHEDPUR,9am-10pm
2301,Jharkhand,FRESH,Nalanda Shakti,JAMSHEDPUR,9am-10pm
2302,Jharkhand,FRESH,Seagull Appartment,JAMSHEDPUR,9am-10pm
2303,Jharkhand,FRESH,Panch Renu Appt,JAMSHEDPUR,9am-10pm
2445,Jharkhand,FRESH,Hinoo,RANCHI,9am-10pm
2602,Jharkhand,FRESH,Adityapur,JAMSHEDPUR,9am-10pm
2727,Jharkhand,FRESH,PrasadMotors,RANCHI,9am-10pm
2812,Jharkhand,FRESH,Booty More,RANCHI,9am-10pm
2947,Jharkhand,FRESH,RRF Kadma,JAMSHEDPUR,9am-10pm
2948,Jharkhand,FRESH,RF Eklavya Tower,RANCHI,9am-10pm
2123,Karnataka,FRESH,FrazerTown,BANGALORE,9am-10pm
2126,Karnataka,FRESH,Srinivasa Nagar,BANGALORE,9am-10pm
2127,Karnataka,FRESH,Indiranagar (off CMH Rd.),BANGALORE,9am-10pm
2128,Karnataka,FRESH,Malleshwaram 8th,BANGALORE,9am-10pm
2130,Karnataka,FRESH,Modi Hospital,BANGALORE,9am-10pm
2133,Karnataka,FRESH,"Ideal Homes Society, RR Nagar",BANGALORE,9am-10pm
2134,Karnataka,FRESH,Mathikere,BANGALORE,9am-10pm
2135,Karnataka,FRESH,VidyaranyaPura,BANGALORE,9am-10pm
2136,Karnataka,FRESH,HennurMainRoad,BANGALORE,9am-10pm
2137,Karnataka,FRESH,Hesarghatta,BANGALORE,9am-10pm
2139,Karnataka,FRESH,Whitefield,BANGALORE,9am-10pm
2140,Karnataka,FRESH,Amurthalli,BANGALORE,9am-10pm
2141,Karnataka,FRESH,Vijaynagar Mutt,BANGALORE,9am-10pm
2142,Karnataka,FRESH,Cosmo club,BANGALORE,9am-10pm
2143,Karnataka,FRESH,Koramangala 8th Block (Opt II),BANGALORE,9am-10pm
2145,Karnataka,FRESH,South End Road,BANGALORE,9am-10pm
2146,Karnataka,FRESH,Nazarabad Mn Rd,MYSORE,9am-10pm
2506,Karnataka,FRESH,New Yelanka Town,BANGALORE,9am-10pm
2512,Karnataka,FRESH,Sanjay Nagar,BANGALORE,9am-10pm
2515,Karnataka,FRESH,Banaswadi,BANGALORE,9am-10pm
2523,Karnataka,FRESH,Court Circle,DHARWAD,9am-10pm
2524,Karnataka,FRESH,Keshwapur,HUBLI,9am-10pm
2528,Karnataka,FRESH,Kalidasa Road,MYSORE,9am-10pm
2530,Karnataka,FRESH,Kuvempu nagar,MYSORE,9am-10pm
2656,Karnataka,FRESH,BTMLayout,BANGALORE,9am-10pm
2657,Karnataka,FRESH,Kanakanagar,BANGALORE,9am-10pm
2794,Karnataka,FRESH,Saraki,BANGALORE,9am-10pm
2796,Karnataka,FRESH,Tambuchettipalya,BANGALORE,9am-10pm
2797,Karnataka,FRESH,Begur,BANGALORE,9am-10pm
2836,Karnataka,FRESH,New Tippasandra,BANGALORE,9am-10pm
2842,Karnataka,FRESH,B.Narayanpura,BANGALORE,9am-10pm
2850,Karnataka,FRESH,Bhuveneswahri Nagar,BANGALORE,9am-10pm
2851,Karnataka,FRESH,VersovaLayout,BANGALORE,9am-10pm
2852,Karnataka,FRESH,KonenkunteCross,BANGALORE,9am-10pm
2853,Karnataka,FRESH,Vijaynagar2nd,MYSORE,9am-10pm
2894,Karnataka,FRESH,Mallasandra,BANGALORE,9am-10pm
2896,Karnataka,FRESH,Nandini Layout,BANGALORE,9am-10pm
2897,Karnataka,FRESH,Thanisandra,BANGALORE,9am-10pm
2905,Karnataka,FRESH,Vinyas Manion,BANGALORE,9am-10pm
2906,Karnataka,FRESH,Mint Plaza,BANGALORE,9am-10pm
2910,Karnataka,FRESH,Sai Lake View - Nagarbhavi,BANGALORE,9am-10pm
2912,Karnataka,FRESH,"Moodal Palaya, Ambalaal Property",BANGALORE,9am-10pm
2914,Karnataka,FRESH,"Vinayaka Temple, Lingarajpuram",BANGALORE,9am-10pm
2915,Karnataka,FRESH,Shell Heighits,BANGALORE,9am-10pm
2923,Karnataka,FRESH,Star Plaza,MANDYA,9am-10pm
2924,Karnataka,FRESH,Vijaynagar Mysore,MYSORE,9am-10pm
2945,Karnataka,FRESH,"RF Ashiyana, Basaveshwarnagar",BANGALORE,9am-10pm
2958,Karnataka,FRESH,RF - Siddaganga Trust property,BANGALORE,9am-10pm
2990,Karnataka,FRESH,RF Brigade Orion,BANGALORE,9am-10pm
3014,Karnataka,FRESH,New BEL Road,BANGALORE,9am-10pm
3025,Karnataka,FRESH,SahakarNagar-02,BANGALORE,9am-10pm
3048,Karnataka,FRESH,AGS Layout,BANGALORE,9am-10pm
3051,Karnataka,FRESH,RPD,BELGAUM,9am-10pm
3052,Karnataka,FRESH,Deshpande Nagar,HUBLI,9am-10pm
3053,Karnataka,FRESH,Ulla Main Road,BANGALORE,9am-10pm
3055,Karnataka,FRESH,RELIANCE SUPER VALUE,BELGAUM,9am-10pm
3078,Karnataka,FRESH,Marathhalli,BANGALORE,9am-10pm
3080,Karnataka,FRESH,AyyappaTempleRoad,BANGALORE,9am-10pm
3086,Karnataka,FRESH,OmbrLayout,BANGALORE,9am-10pm
3099,Karnataka,FRESH,Parappan Agrahar,BANGALORE,9am-10pm
3196,Karnataka,FRESH,I Gate Global Solution Ltd.,BANGALORE,9am-10pm
3217,Karnataka,FRESH,Palace Guttahali,BANGALORE,9am-10pm
2306,Kerala,FRESH,Thoppumpaddy,KOCHI,9am-10pm
2307,Kerala,FRESH,Edappally,KOCHI,9am-10pm
2308,Kerala,FRESH,Elamakkara,KOCHI,9am-10pm
2309,Kerala,FRESH,Kalamassery,KOCHI,9am-10pm
2531,Kerala,FRESH,Beach Road,CALICUT,9am-10pm
2532,Kerala,FRESH,Meenchanda,CALICUT,9am-10pm
2536,Kerala,FRESH,Pottammel,CALICUT,9am-10pm
2538,Kerala,FRESH,"Girinagar,Kadavanthara",KOCHI,9am-10pm
2539,Kerala,FRESH,JawaharNagar,KOCHI,9am-10pm
2543,Kerala,FRESH,Vendormukku,KOLLAM,9am-10pm
2544,Kerala,FRESH,Chinnakada,KOLLAM,9am-10pm
2545,Kerala,FRESH,Kunamkulam,TRICHUR,9am-10pm
2546,Kerala,FRESH,"Paravoor,Opp H P petrol Pump",KOCHI,9am-10pm
2549,Kerala,FRESH,PATTOM,TRIVANDRUM,9am-10pm
2551,Kerala,FRESH,PEROORKADA,TRIVANDRUM,9am-10pm
2563,Kerala,FRESH,Chalakudy,TRICHUR,9am-10pm
2565,Kerala,FRESH,Irinjalakuda,TRICHUR,9am-10pm
2742,Kerala,FRESH,Kottiyam,KOLLAM,9am-10pm
2843,Kerala,FRESH,Kunnamangalam,CALICUT,9am-10pm
2893,Kerala,FRESH,Edappazhanji,TRIVANDRUM,9am-10pm
3020,Kerala,FRESH,Thodupuzha,KOCHI,9am-10pm
3063,Kerala,FRESH,Chullickal,KOCHI,9am-10pm
3064,Kerala,FRESH,Kothamangalam,KOCHI,9am-10pm
3215,Kerala,FRESH,Thamarassery,CALICUT,9am-10pm
2227,Madhya Pradesh,FRESH,BCM City,INDORE,9am-10pm
2230,Madhya Pradesh,FRESH,VikramSquare,INDORE,9am-10pm
2233,Madhya Pradesh,FRESH,ShekarPlanet,INDORE,9am-10pm
2237,Madhya Pradesh,FRESH,ChunabhattiBhopal,BHOPAL,9am-10pm
2238,Madhya Pradesh,FRESH,"Sarvadharma Colony,Kolar Road",BHOPAL,9am-10pm
2240,Madhya Pradesh,FRESH,Kohefiza,BHOPAL,9am-10pm
2715,Madhya Pradesh,FRESH,KanchanBagh,INDORE,9am-10pm
2861,Madhya Pradesh,FRESH,Kanthal,UJJAIN,9am-10pm
2960,Madhya Pradesh,FRESH,RF Exotica Shalimar,INDORE,9am-10pm
3028,Madhya Pradesh,FRESH,Civil Lines,JABALPUR,9am-10pm
3029,Madhya Pradesh,FRESH,Gorakhpur,JABALPUR,9am-10pm
3041,Madhya Pradesh,FRESH,Madan Mahal,JABALPUR,9am-10pm
3042,Madhya Pradesh,FRESH,Damoh Naka,JABALPUR,9am-10pm
3089,Madhya Pradesh,FRESH,KalaniNagar,INDORE,9am-10pm
2193,Maharashtra,FRESH,MontVert-PashanRd,PUNE,9am-10pm
2199,Maharashtra,FRESH,GeetaiCplex-PaudRd,PUNE,9am-10pm
2202,Maharashtra,FRESH,MantraMallW'wadi,PUNE,9am-10pm
2416,Maharashtra,FRESH,Nandanwan,NAGPUR,9am-10pm
2419,Maharashtra,FRESH,Shewalkar Garden,NAGPUR,9am-10pm
2691,Maharashtra,FRESH,AstralCrt-GkwdNg,PUNE,9am-10pm
2694,Maharashtra,FRESH,Royal Rtrt-Au Kdk Rd,PUNE,9am-10pm
2770,Maharashtra,FRESH,Manish nagar,NAGPUR,9am-10pm
2790,Maharashtra,FRESH,BT Gawde,PUNE,9am-10pm
2880,Maharashtra,FRESH,Sh.KrpaHt-DattaNgr,PUNE,9am-10pm
2888,Maharashtra,FRESH,Kalyani Nagar,PUNE,9am-10pm
2944,Maharashtra,FRESH,"RF Icon Imperio, Wagholi",PUNE,9am-10pm
2979,Maharashtra,FRESH,Reliance Fresh - Fortune Plaza,PUNE,9am-10pm
3026,Maharashtra,FRESH,Vadgaon Sheri,PUNE,9am-10pm
6734,Maharashtra,FRESH,Imperial Mall,PUNE,9am-10pm
2181,Mumbai,FRESH,Sai Palace-Vashi,NAVI MUMBAI,9am-10pm
2183,Mumbai,FRESH,Mahadev - Thane,THANE,9am-10pm
2187,Mumbai,FRESH,Roopdarshan-Kkhairne,NAVI MUMBAI,9am-10pm
2268,Mumbai,FRESH,Galaxy-Sion,MUMBAI,9am-10pm
2276,Mumbai,FRESH,JaiBharat-Nerul,NAVI MUMBAI,9am-10pm
2278,Mumbai,FRESH,SpringAvenue-Kalyan,MUMBAI,9am-10pm
2672,Mumbai,FRESH,Dev Darshan,NAVI MUMBAI,9am-10pm
2726,Mumbai,FRESH,MunotResidenc-Panvel,NAVI MUMBAI,9am-10pm
2731,Mumbai,FRESH,Manu Krupa-Virar,MUMBAI,9am-10pm
2792,Mumbai,FRESH,TirupatiApt-WardenRd,MUMBAI,9am-10pm
2934,Mumbai,FRESH,RF Nagothane,RAIGAD,9am-10pm
2954,Mumbai,FRESH,"Crystal Tower, Kamothe",NAVI MUMBAI,9am-10pm
5518,Mumbai,FRESH,Merchandising Centre,NAVI MUMBAI,9am-10pm
2059,NCR,FRESH,Subhash Nagar,NEW DELHI,9am-10pm
2064,NCR,FRESH,Beta 1 Main mkt G.NOIDA,NOIDA,9am-10pm
2067,NCR,FRESH,"Pahar Ganj,D B Gupta Rd",DELHI,9am-10pm
2072,NCR,FRESH,Narela,NEW DELHI,9am-10pm
2073,NCR,FRESH,"Jhandewalan, rani Jhansi Rd",NEW DELHI,9am-10pm
2350,NCR,FRESH,NIT 1/2 Faridabad,FARIDABAD,9am-10pm
2355,NCR,FRESH,Inderpuri,NEW DELHI,9am-10pm
2356,NCR,FRESH,Kakrola Mor,NEW DELHI,9am-10pm
2358,NCR,FRESH,Shakarpur,NEW DELHI,9am-10pm
2360,NCR,FRESH,"Tamur Nagar,New friends Colony",NEW DELHI,9am-10pm
2363,NCR,FRESH,PataudiRoad,GURGAON,9am-10pm
2364,NCR,FRESH,JharsaRoad,GURGAON,9am-10pm
2365,NCR,FRESH,HudaMarketSEC23,GURGAON,9am-10pm
2366,NCR,FRESH,Shubham Banquet,ROHTAK,9am-10pm
2367,NCR,FRESH,Shehnai Banquet,ROHTAK,9am-10pm
2368,NCR,FRESH,Sagar Villa,ROHTAK,9am-10pm
2380,NCR,FRESH,Maujpur,DELHI,9am-10pm
2425,NCR,FRESH,Mohan Garden,DELHI,9am-10pm
2429,NCR,FRESH,Bali Nagar,NEW DELHI,9am-10pm
2440,NCR,FRESH,NIT-3,FARIDABAD,9am-10pm
2441,NCR,FRESH,HudaMarketSEC28,FARIDABAD,9am-10pm
2442,NCR,FRESH,"Dayanand Colony, Lajpat Nagar - 4",DELHI,9am-10pm
2507,NCR,FRESH,Mansarovar Garden,DELHI,9am-10pm
2508,NCR,FRESH,Gokulpuri,DELHI,9am-10pm
2513,NCR,FRESH,Dilshad Colony,DELHI,9am-10pm
2605,NCR,FRESH,SouthNajafgarh,DELHI,9am-10pm
2608,NCR,FRESH,"Shasti Park,Chander Nagar",DELHI,9am-10pm
2609,NCR,FRESH,Arjun Nagar,DELHI,9am-10pm
2610,NCR,FRESH,Zamrudpur,DELHI,9am-10pm
2611,NCR,FRESH,Paschim Vihar,DELHI,9am-10pm
2614,NCR,FRESH,North Ghonda,DELHI,9am-10pm
2625,NCR,FRESH,Madhuban Road,DELHI,9am-10pm
2634,NCR,FRESH,Ganesh Nagar,DELHI,9am-10pm
2635,NCR,FRESH,Tuglaquabad,DELHI,9am-10pm
2636,NCR,FRESH,Fateh Nagar á,DELHI,9am-10pm
2648,NCR,FRESH,Lado sarai,DELHI,9am-10pm
2651,NCR,FRESH,Dayal Bagh/Eros,FARIDABAD,9am-10pm
2756,NCR,FRESH,Jittar Nagar,DELHI,9am-10pm
2761,NCR,FRESH,SultanpuriNangloi Rd,DELHI,9am-10pm
2762,NCR,FRESH,Acharya Niketan,DELHI,9am-10pm
2763,NCR,FRESH,Kichripur,DELHI,9am-10pm
2766,NCR,FRESH,Nangloi Nazafgarh,DELHI,9am-10pm
2799,NCR,FRESH,SavitriNagar,DELHI,9am-10pm
2800,NCR,FRESH,"Sector - 31, Gurgaon",GURGAON,9am-10pm
2801,NCR,FRESH,"Huda Market, Sector - 4, Gurgaon",GURGAON,9am-10pm
2844,NCR,FRESH,Kath Mandi,ROHTAK,9am-10pm
2845,NCR,FRESH,PLA chowk,HISSAR,9am-10pm
2856,NCR,FRESH,Hassanpur,DELHI,9am-10pm
2865,NCR,FRESH,Mandoli Main Road,DELHI,9am-10pm
3017,NCR,FRESH,Sarai rohilla,DELHI,9am-10pm
3062,NCR,FRESH,Nangloi Saiyed,NEW DELHI,9am-10pm
3079,NCR,FRESH,Ansal Plaza,GURGAON,9am-10pm
6240,NCR,FRESH,RF Vikaspuri,NEW DELHI,9am-10pm
2552,Orissa,FRESH,CuttackRoad,BHUBANESHWAR,9am-10pm
2553,Orissa,FRESH,Baramunda,BHUBANESHWAR,9am-10pm
2554,Orissa,FRESH,I.D.Market,BHUBANESHWAR,9am-10pm
2555,Orissa,FRESH,Sahidnagar,BHUBANESHWAR,9am-10pm
2556,Orissa,FRESH,Gopabandhu Square,BHUBANESHWAR,9am-10pm
2558,Orissa,FRESH,Dolamundai,CUTTACK,9am-10pm
2559,Orissa,FRESH,Kanika Square,CUTTACK,9am-10pm
2560,Orissa,FRESH,CDA,CUTTACK,9am-10pm
2562,Orissa,FRESH,Mahanadi Vihar,CUTTACK,9am-10pm
2752,Orissa,FRESH,Unit-4,BHUBANESHWAR,9am-10pm
2900,Orissa,FRESH,CDA Sec -9,CUTTACK,9am-10pm
2902,Orissa,FRESH,District Centre,BHUBANESHWAR,9am-10pm
2908,Orissa,FRESH,Mahatab Road,BHUBANESHWAR,9am-10pm
2931,Orissa,FRESH,Gandamunda,BHUBANESHWAR,9am-10pm
2932,Orissa,FRESH,GGP Colony,BHUBANESHWAR,9am-10pm
2933,Orissa,FRESH,"Galaxy Mall, Patia",BHUBANESHWAR,9am-10pm
2955,Orissa,FRESH,RF Jena Property,PURI,9am-10pm
2961,Orissa,FRESH,RF Lewis Plaza,BHUBANESHWAR,9am-10pm
2986,Orissa,FRESH,RF Tankapani Road,BHUBANESHWAR,9am-10pm
2991,Orissa,FRESH,RF Nayabazaar,CUTTACK,9am-10pm
3032,Orissa,FRESH,Cantonment road,CUTTACK,9am-10pm
3081,Orissa,FRESH,Samantaraypur,BHUBANESHWAR,9am-10pm
2149,Punjab,FRESH,Majitha Road,AMRITSAR,9am-10pm
2150,Punjab,FRESH,Chah Rajwala (Ram Tirath Chowk),AMRITSAR,9am-10pm
2161,Punjab,FRESH,"Div No. 3 (Mohar Singh Nagar),Gobind",LUDHIANA,9am-10pm
2162,Punjab,FRESH,Dugri Road Ex -1 Market,LUDHIANA,9am-10pm
2164,Punjab,FRESH,"Dugri Road, Model Town,Walia Dept",LUDHIANA,9am-10pm
2373,Punjab,FRESH,"Raj Bhavan,Hindu College",AMRITSAR,9am-10pm
2595,Punjab,FRESH,"Shiva International,Cheratha Road",AMRITSAR,9am-10pm
2664,Punjab,FRESH,Phase V,MOHALI,9am-10pm
2668,Punjab,FRESH,Habopwal,LUDHIANA,9am-10pm
2669,Punjab,FRESH,PhaseX,MOHALI,9am-10pm
2670,Punjab,FRESH,Shaheed Bhagat Singh Nagar,LUDHIANA,9am-10pm
2873,Punjab,FRESH,KidwaiNagar,LUDHIANA,9am-10pm
2935,Punjab,FRESH,RF Kharar,MOHALI,9am-10pm
2936,Punjab,FRESH,RF Zirakpur,MOHALI,9am-10pm
2952,Punjab,FRESH,RF Sec-70 Mohali,MOHALI,9am-10pm
2987,Punjab,FRESH,"Prem Colony, Opp-Gaba Hospital",Yamunanagar,9am-10pm
2988,Punjab,FRESH,"Opp Prem Hospital , Jagadhari",Yamunanagar,9am-10pm
2076,Rajasthan,FRESH,Ramganj,JAIPUR,9am-10pm
2078,Rajasthan,FRESH,Vijay Path,JAIPUR,9am-10pm
2079,Rajasthan,FRESH,Khatipura,JAIPUR,9am-10pm
2080,Rajasthan,FRESH,Shastri Nagar,JAIPUR,9am-10pm
2081,Rajasthan,FRESH,Haldiya Plaza,JAIPUR,9am-10pm
2082,Rajasthan,FRESH,Raja Park,JAIPUR,9am-10pm
2096,Rajasthan,FRESH,Vidhyadhar Nagar,JAIPUR,9am-10pm
2097,Rajasthan,FRESH,Vaishali Nagar,JAIPUR,9am-10pm
2100,Rajasthan,FRESH,New Sanagner Road,JAIPUR,9am-10pm
2654,Rajasthan,FRESH,Subash Chowk,JAIPUR,9am-10pm
2683,Rajasthan,FRESH,Muralipura,JAIPUR,9am-10pm
2685,Rajasthan,FRESH,Gopalpura Bye Pass,JAIPUR,9am-10pm
2689,Rajasthan,FRESH,Sanganer 2,JAIPUR,9am-10pm
2773,Rajasthan,FRESH,Jhotwara,JAIPUR,9am-10pm
2802,Rajasthan,FRESH,Daitya Magri,UDAIPUR,9am-10pm
2803,Rajasthan,FRESH,TakComplex,UDAIPUR,9am-10pm
2818,Rajasthan,FRESH,Maharani Farms,JAIPUR,9am-10pm
2827,Rajasthan,FRESH,Khirni Phatak,JAIPUR,9am-10pm
2832,Rajasthan,FRESH,HiranMagari,UDAIPUR,9am-10pm
2833,Rajasthan,FRESH,MalviyaNagar,JAIPUR,9am-10pm
3004,Rajasthan,FRESH,Pal Road,JODHPUR,9am-10pm
3005,Rajasthan,FRESH,Paota,JODHPUR,9am-10pm
3006,Rajasthan,FRESH,Ratanada,JODHPUR,9am-10pm
3007,Rajasthan,FRESH,VaishaliNagar,AJMER,9am-10pm
3008,Rajasthan,FRESH,Mandore,JODHPUR,9am-10pm
3009,Rajasthan,FRESH,Beawar Road,AJMER,9am-10pm
3010,Rajasthan,FRESH,Kesarganj,AJMER,9am-10pm
3040,Rajasthan,FRESH,Brijlal Pura,JAIPUR,9am-10pm
3056,Rajasthan,FRESH,Kanta Kathuria,BIKANER,9am-10pm
3057,Rajasthan,FRESH,Pawanpuri,BIKANER,9am-10pm
3076,Rajasthan,FRESH,Rani Bazar,BIKANER,9am-10pm
3077,Rajasthan,FRESH,NasiradabadRoad,AJMER,9am-10pm
2031,Tamil Nadu,FRESH,Anna Nagar 8th rd,CHENNAI,9am-10pm
2032,Tamil Nadu,FRESH,Ashok Nagar,CHENNAI,9am-10pm
2033,Tamil Nadu,FRESH,Pursaiwakkam,CHENNAI,9am-10pm
2035,Tamil Nadu,FRESH,Adyar,CHENNAI,9am-10pm
2037,Tamil Nadu,FRESH,Natesan Nagar,CHENNAI,9am-10pm
2043,Tamil Nadu,FRESH,Anna Nagar 6th Avenue,CHENNAI,9am-10pm
2046,Tamil Nadu,FRESH,Madipakkam,CHENNAI,9am-10pm
2047,Tamil Nadu,FRESH,Porur,CHENNAI,9am-10pm
2049,Tamil Nadu,FRESH,Nanganalur,CHENNAI,9am-10pm
2051,Tamil Nadu,FRESH,LloydsRoad,CHENNAI,9am-10pm
2052,Tamil Nadu,FRESH,Cholaimedu,CHENNAI,9am-10pm
2165,Tamil Nadu,FRESH,Mogappair west JK Complex,CHENNAI,9am-10pm
2261,Tamil Nadu,FRESH,Puluthuvakkam,CHENNAI,9am-10pm
2264,Tamil Nadu,FRESH,Valsaravakkam - 2,CHENNAI,9am-10pm
2265,Tamil Nadu,FRESH,Saidapet,CHENNAI,9am-10pm
2381,Tamil Nadu,FRESH,NSR Road,COIMBATORE,9am-10pm
2421,Tamil Nadu,FRESH,"T nagar,North Usman Road",CHENNAI,9am-10pm
2576,Tamil Nadu,FRESH,Annanangar East,MADURAI,9am-10pm
2578,Tamil Nadu,FRESH,KK nagar,MADURAI,9am-10pm
2579,Tamil Nadu,FRESH,SBOA Colony,MADURAI,9am-10pm
2629,Tamil Nadu,FRESH,Golden George Nagar,CHENNAI,9am-10pm
2724,Tamil Nadu,FRESH,Chandran Nagar,CHENNAI,9am-10pm
2728,Tamil Nadu,FRESH,Villivakkam,CHENNAI,9am-10pm
2729,Tamil Nadu,FRESH,Kodungaiyur,CHENNAI,9am-10pm
2732,Tamil Nadu,FRESH,Royapuram,CHENNAI,9am-10pm
2733,Tamil Nadu,FRESH,Medavakkam,CHENNAI,9am-10pm
2734,Tamil Nadu,FRESH,Pattabhiram,CHENNAI,9am-10pm
2739,Tamil Nadu,FRESH,Peelamedu,COIMBATORE,9am-10pm
2744,Tamil Nadu,FRESH,Sri sathya sai nagar,MADURAI,9am-10pm
2747,Tamil Nadu,FRESH,HB Road,TRICHY,9am-10pm
2772,Tamil Nadu,FRESH,West mambalam,CHENNAI,9am-10pm
2809,Tamil Nadu,FRESH,Hasthampatti Salem,SALEM,9am-10pm
2810,Tamil Nadu,FRESH,PN Palayam,COIMBATORE,9am-10pm
2819,Tamil Nadu,FRESH,MKB Nagar,CHENNAI,9am-10pm
2823,Tamil Nadu,FRESH,Avadi,CHENNAI,9am-10pm
2828,Tamil Nadu,FRESH,Ambattur OT,CHENNAI,9am-10pm
2829,Tamil Nadu,FRESH,KK nagar (trichy),TRICHY,9am-10pm
2841,Tamil Nadu,FRESH,Saradha Theatre/Ammapet,SALEM,9am-10pm
2855,Tamil Nadu,FRESH,Srinivasa Nagar,TRICHY,9am-10pm
2862,Tamil Nadu,FRESH,Poonamallee,CHENNAI,9am-10pm
2890,Tamil Nadu,FRESH,ThiruNagar,MADURAI,9am-10pm
2913,Tamil Nadu,FRESH,Maulivakkam,CHENNAI,9am-10pm
2917,Tamil Nadu,FRESH,Pallavaram,CHENNAI,9am-10pm
2920,Tamil Nadu,FRESH,Shyam Nest - Kolathur,CHENNAI,9am-10pm
2937,Tamil Nadu,FRESH,RF Tambaram,CHENNAI,9am-10pm
2953,Tamil Nadu,FRESH,"RF - Dorairaj , Radhanagar",CHENNAI,9am-10pm
3219,Tamil Nadu,FRESH,KamrajSalai,MADURAI,9am-10pm
2000,Telangana,FRESH,Ramanthapur,HYDERABAD,9am-10pm
2004,Telangana,FRESH,Vivekanandanagar,HYDERABAD,9am-10pm
2006,Telangana,FRESH,Yousufguda,HYDERABAD,9am-10pm
2007,Telangana,FRESH,Balkampet-Ameerpet,HYDERABAD,9am-10pm
2008,Telangana,FRESH,Alwal,HYDERABAD,9am-10pm
2011,Telangana,FRESH,Bowenpally,SECUNDERABAD,9am-10pm
2012,Telangana,FRESH,Vidyanagar,HYDERABAD,9am-10pm
2014,Telangana,FRESH,Banjarahills,HYDERABAD,9am-10pm
2021,Telangana,FRESH,Survey of India,HYDERABAD,9am-10pm
2023,Telangana,FRESH,Amba Gardens,HYDERABAD,9am-10pm
2025,Telangana,FRESH,Malkajgiri,HYDERABAD,9am-10pm
2104,Telangana,FRESH,West Marredpally,SECUNDERABAD,9am-10pm
2105,Telangana,FRESH,Vanasthalipuram,HYDERABAD,9am-10pm
2107,Telangana,FRESH,Nagole Village,HYDERABAD,9am-10pm
2109,Telangana,FRESH,Kushaiguda,HYDERABAD,9am-10pm
2113,Telangana,FRESH,Hydershakot,HYDERABAD,9am-10pm
2114,Telangana,FRESH,Filmnagar,HYDERABAD,9am-10pm
2116,Telangana,FRESH,Moti Nagar,HYDERABAD,9am-10pm
2397,Telangana,FRESH,Hanumakonda,WARANGAL,9am-10pm
2402,Telangana,FRESH,pochamma,WARANGAL,9am-10pm
2702,Telangana,FRESH,Gachibowli,HYDERABAD,9am-10pm
2901,Telangana,FRESH,"Madhapur, Vaishnavai Projects:",HYDERABAD,9am-10pm
2904,Telangana,FRESH,"PJR Stadium, Chandanagar",HYDERABAD,9am-10pm
2907,Telangana,FRESH,Kondapur,HYDERABAD,9am-10pm
2911,Telangana,FRESH,Manikonda,HYDERABAD,9am-10pm
2927,Telangana,FRESH,Medchal,HYDERABAD,9am-10pm
2928,Telangana,FRESH,Miyapur,HYDERABAD,9am-10pm
2929,Telangana,FRESH,"SanatNagar, Motinagar",HYDERABAD,9am-10pm
2978,Telangana,FRESH,"RF - Kuc X road, Nayeem Nagar",WARANGAL,9am-10pm
2981,Telangana,FRESH,SM Plaza – AS Rao nagar,HYDERABAD,9am-10pm
3213,Telangana,FRESH,Neredmet,HYDERABAD,9am-10pm
9560,Telangana,FRESH,RF Quthubullapur,HYDERABAD,9am-10pm
2314,West Bengal,FRESH,Jodhpur Park,KOLKATA,9am-10pm
2316,West Bengal,FRESH,Barasat Colony More,KOLKATA,9am-10pm
2325,West Bengal,FRESH,SodepurBarasatRoad,KOLKATA,9am-10pm
2327,West Bengal,FRESH,UtsaComplex,KOLKATA,9am-10pm
2329,West Bengal,FRESH,Barrackpore Railway Station,KOLKATA,9am-10pm
2568,West Bengal,FRESH,Kedarnath M Lane,KOLKATA,9am-10pm
2587,West Bengal,FRESH,BangurAvenue,KOLKATA,9am-10pm
2895,West Bengal,FRESH,"Gangotri, Uttarpara",KOLKATA,9am-10pm
2898,West Bengal,FRESH,"Rajarahat, Shresta Garden",KOLKATA,9am-10pm
2899,West Bengal,FRESH,Italgacha  Vasundhara Apartment,KOLKATA,9am-10pm
2916,West Bengal,FRESH,"Loharuka, Khaikalli",KOLKATA,9am-10pm
3035,West Bengal,FRESH,Budgebudge,KOLKATA,9am-10pm
3087,West Bengal,FRESH,NetajiNagar,KOLKATA,9am-10pm
2926,Mumbai,SB,Rajdeep Tower,MUMBAI,
3100,Mumbai,SB,RCSPLSBAnushakti,MUMBAI,
3101,Mumbai,SB,RCSPLSBBorivali,MUMBAI,
3102,Mumbai,SB,RCSPLSBBreachCandy,MUMBAI,
3103,Mumbai,SB,RCSPLSBChembur,MUMBAI,
3104,Mumbai,SB,RCSPLSBBandra,MUMBAI,
3105,Mumbai,SB,RCSPLSBDindoshi,MUMBAI,
3106,Mumbai,SB,RCSPLSBJuhu,MUMBAI,
3107,Mumbai,SB,RCSPLSBNewColaba,MUMBAI,
3108,Mumbai,SB,RCSPLSBMatunga,MUMBAI,
3109,Mumbai,SB,RCSPLSBVileParle,MUMBAI,
3110,Mumbai,SB,RCSPLSBMazgaon,MUMBAI,
3111,Mumbai,SB,RCSPLSBWorli,MUMBAI,
3112,Mumbai,SB,RCSPLSBColaba,MUMBAI,
3113,Mumbai,SB,RCSPLSBNapeansea,MUMBAI,
3114,Mumbai,SB,RCSPLSB3R,MUMBAI,
3115,Mumbai,SB,RCSPLSBJBAndheri,MUMBAI,
3116,Mumbai,SB,RCSILCCIShop,MUMBAI,
3119,Mumbai,SB,RCSPLSBAgarBazar,MUMBAI,
3120,Mumbai,SB,RF SB Virar Store,MUMBAI,
3121,Mumbai,SB,Mira Road Mumbai,MUMBAI,
3145,Mumbai,SB,RF Nallasopara West,MUMBAI,
3327,Mumbai,SB,SB Mulund,MUMBAI,
3993,Mumbai,SB,SB Ashok Garden,MUMBAI,
2957,Andhra Pradesh,Smart,RS Selection Grand Building,Tadepallygudem,
3209,Andhra Pradesh,Smart,Bhavanipuram,VIJAYAWADA,
6201,Andhra Pradesh,Smart,AbhiTower,TIRUPATI,
6212,Andhra Pradesh,Smart,Dargamitta,NELLORE,
6215,Andhra Pradesh,Smart,GNT Road,RAJAHMUNDRY,
6228,Andhra Pradesh,Smart,Srinivasa Nagar,ANANTAPUR,
6244,Andhra Pradesh,Smart,KAKINADA,KAKINADA,
6711,Andhra Pradesh,Smart,Lakshmipuram,GUNTUR,
6713,Andhra Pradesh,Smart,NarendraCentre,TANUKU,
6715,Andhra Pradesh,Smart,Bhimavaram,BHEEMAVARAM,
6725,Andhra Pradesh,Smart,Nagamani Tower Chi,CHITTOOR,
2963,Gujarat,Smart,RS - Ved Road,Surat,
2964,Gujarat,Smart,Udhna,Surat,
3097,Gujarat,Smart,Moti Bagh,JUNAGARH,
3201,Gujarat,Smart,Lambhvel Rd Anand,Anand,
3202,Gujarat,Smart,Gunjan,VAPI,
3203,Gujarat,Smart,MahavirNagar,HIMATNAGAR,
3204,Gujarat,Smart,Sector12B,GANDHIDHAM,
3205,Gujarat,Smart,MundraRoad,BHUJ,
3206,Gujarat,Smart,SevashramRoad,BHARUCH,
3208,Gujarat,Smart,Bhavnagar,BHAVNAGAR,
3214,Gujarat,Smart,KantAdani,NADIAD,
6202,Gujarat,Smart,ISKCON,AHMEDABAD,
6203,Gujarat,Smart,MotiKhavdi,JAMNAGAR,
6237,Gujarat,Smart,Drive in,AHMEDABAD,
6703,Gujarat,Smart,ManeklalRoad,NAVSARI,
6704,Gujarat,Smart,AyurvedicUniversity,JAMNAGAR,
6712,Gujarat,Smart,Mangalya,VADODARA,
6723,Gujarat,Smart,AIMS Oxygen Vadodara,VADODARA,
9693,Gujarat,Smart,RF Reliance Green,JAMNAGAR,
2995,Haryana,Smart,RRL Smart Meenakshi Garden,Sonipat,
2956,Jharkhand,Smart,RS Sandhya Tower,RANCHI,
6206,Jharkhand,Smart,MaruTower,RANCHI,
2994,Karnataka,Smart,RS KSRTC Bus Stand,MYSORE,
2997,Karnataka,Smart,RS Urban Oasis Mall,HUBLI,
6207,Karnataka,Smart,SarlaGrand,BANGALORE,
6225,Karnataka,Smart,Vijaynagar TTMC,BANGALORE,
6226,Karnataka,Smart,Ascendas Park,BANGALORE,
6243,Karnataka,Smart,RF VIDYARANPURA,BANGALORE,
2980,Kerala,Smart,RS Jacob Building Aluva,KOCHI,
3211,Kerala,Smart,Vazhakkala,KOCHI,
3212,Kerala,Smart,Muvattupuzha,KOCHI,
6705,Kerala,Smart,O Mall,KOCHI,
6706,Kerala,Smart,Palai,PALAI,
6707,Kerala,Smart,East Fort,TRICHUR,
3210,Madhya Pradesh,Smart,AyodhyaByePass,BHOPAL,
6208,Maharashtra,Smart,Almonte-Khardi Bypas,PUNE,
6209,Maharashtra,Smart,TainSqr-FatimaNgr,PUNE,
6219,Maharashtra,Smart,Aundh,PUNE,
6719,Maharashtra,Smart,Erandwane,PUNE,
6721,Maharashtra,Smart,Tapadia Mall,Kolhapur,
2277,Mumbai,Smart,MangalaTowers-CBD,NAVI MUMBAI,
2620,Mumbai,Smart,Swadeshi-Chunabhatti,MUMBAI,
2984,Mumbai,Smart,Reliance Smart - Maithli Vashi,NAVI MUMBAI,
6210,Mumbai,Smart,Central City Mall,MUMBAI,
6217,Mumbai,Smart,Acme Mall,MUMBAI,
6220,Mumbai,Smart,Phoenix Market City,MUMBAI,
6221,Mumbai,Smart,D-Victoria,MUMBAI,
6731,Mumbai,Smart,Gulmohar Plaza,MUMBAI,
6205,NCR,Smart,CrownInteriorzMall,FARIDABAD,9am-10pm
6239,NCR,Smart,RRL Dwarka,NEW DELHI,9am-10pm
6701,NCR,Smart,DLFMegaMall,GURGAON,9am-10pm
6708,NCR,Smart,Ansal Plaza,DELHI,9am-10pm
6727,NCR,Smart,BMG Mall Rewar,REWARI,9am-10pm
6224,Orissa,Smart,OSRTC Bhubaneshwar,BHUBANESHWAR,9am-10pm
2996,Punjab,Smart,RS Bestech Square Mall,MOHALI,9am-10pm
2101,Rajasthan,Smart,Bhawani Singh Road,JAIPUR,9am-10pm
6717,Rajasthan,Smart,Bhiwadi,ALWAR,9am-10pm
6722,Rajasthan,Smart,Lake City Udaipur,UDAIPUR,9am-10pm
6726,Rajasthan,Smart,Elements Mall,JAIPUR,9am-10pm
2420,Tamil Nadu,Smart,Velacherry,CHENNAI,9am-10pm
2822,Tamil Nadu,Smart,Perambur,CHENNAI,9am-10pm
6214,Tamil Nadu,Smart,Mangalam Towers,TIRUCHIRAPPALLI,9am-10pm
6233,Tamil Nadu,Smart,Fun Republic Mall,COIMBATORE,9am-10pm
6709,Tamil Nadu,Smart,BibiKulam,MADURAI,9am-10pm
2925,Telangana,Smart,Sangareddy,Sangareddy,9am-10pm
2946,Telangana,Smart,RRL  Karimnagar,Karimnagar,9am-10pm
2949,Telangana,Smart,"Blue Whale Palace, Miryalaguda",Miryalguda,9am-10pm
2950,Telangana,Smart,RS Siddipet,Siddipet,9am-10pm
2977,Telangana,Smart,Reliance Smart – Old Alwal,Hyderabad,9am-10pm
2985,Telangana,Smart,"RS - Metro Complex,",Nalagonda,9am-10pm
6019,Telangana,Smart,Gachibowli,HYDERABAD,9am-10pm
6204,Telangana,Smart,LibertyPlaza,HYDERABAD,9am-10pm
6714,Telangana,Smart,Alankar Chowrastha,WARANGAL,9am-10pm
6728,Telangana,Smart,NACHARAM HYDERABAD,HYDERABAD,9am-10pm
,UP,Smart,RRL Smart Jaipuria Mall,Ghaziabad,9am-10pm
2951,West Bengal,Smart,RRL Rosedale,KOLKATA,9am-10pm
S.No,Store Name,City,Address of the Store,Pin Code,Timing,Phone Number
1,Baramunda,BHUBANESHWAR,"RELIANCE FRESH LIMITED, HOTEL CRYSTAL, BARAMUNDA HOUSEING BOARD COLONEY, BARAMUNDA BHUBANESWAR, ORISSA",753003,8am-9pm,18001037009
2,I.D.Market,BHUBANESHWAR,"Plt no-4/238,IRC Village Nayapalli,BBSR.Odisha",751015,10.30am-9.30pm,18001030389
3,Gopabandhu Square,BHUBANESHWAR,Plot No.6 Gopabandhu Squre Bhubaneswar Orissa,751003,10.30am-9.30pm,18001037303
4,CuttackRoad,BHUBANESHWAR,"Reliance Fresh, Plot No-738,739 Govindaprasad, Cuttack Road, Bhubaneswar.",751006,10.30am-9.30pm,18001030341
5,Sahidnagar,BHUBANESHWAR,"RELIANCE FRESH LIMITED, 1ST & 2ND FLR, PLOT NO-611, NEAR DAWAT RESTORANT, SAHID NAGAR, BHUBANESWAR, ODISHA",751007,10am-9pam,18001033386
6,Samantaraypur,BHUBANESHWAR,Reliance fresh  Samantrapur Girija Complex pin-751002 bbsr-2,751002,10am-9pam,18001027809
7,Dolamundai,CUTTACK,"Plot No-1678,1679,1423 purighat  Near Hotel Akbari Dolamundai Square,cuttack",753001,10.30am-9.30pm,18001029282
8,Kanika Square,CUTTACK,"Plot No - 641(p),666(p),669(p) At - Kanika Chaka, Po - Tulashipur Pin - 75301 Dt - Cuttack, Odisha",753001,7am-9pm,18001036742
9,CDA,CUTTACK,"Markat Nagar Plot No-c/20,Sec-6 CDA Cuttack-753014 Odisha",753014,10.30am-9.30pm,18001034166
10,Mahanadi Vihar,CUTTACK,"Plot No-1255,Reliance Fresh, Sanjibani Chowk, Mahanadi Vihar",753004,7am-9pm,18001030689
11,Lewis Road,BHUBANESHWAR,"Plot NO-2892/3734(p),Goutam nagar,Lewis road,Near Rajarani Showroom,Unit-28,Bhubaneswar,Orissa",751002,7am-9pm,18001033711
12,Unit-4,BHUBANESHWAR,"Plot no-41/A, Bhouma Nagar,Unit-4 Bhubaneswar,orissa",751001,10am-9pam,18001035009
13,Cantonment road,CUTTACK,"RFL cantonment Road,Cuttack Stores,Reliance Fresh Ltd. Ground Floor, Shri Gopal memorial trust, Plot No.553C, Cantonment Road, Cuttack.",753001,10.30am-9.30pm,18001035306
14,OSRTC Bhubaneshwar,BHUBANESHWAR,"Reliance Super Ltd., Kharavela Nagar, Unit-111, Khata No.444, Master Canteen Square, Bhubaneshwar, Orissa",751030,10am-9pam,18001034958
15,CDA Sec -9,CUTTACK,"Plot No : 6B/923/4,Mouza : Markat Nagar, In front of Jaganath Marbles, Wahid's Property, CDA SEC-09, UCO bank Lane, Cuttack,Orissa",753003,10.30am-9.30pm,18001030976
16,Europark,GHAZIABAD,"LGF,Plot No.39,Site-4,EURO PARK,SAHIBABAD,INDUSTRIAL AREA,GHAZIABAD",201012,10.30am-9.30pm,18001034128
17,Majitha Road,AMRITSAR,"Rliance Fresh Shehnai Palace,Opp.Power Colony Main Majitha Road",143001,7am-9pm,18001036702
18,Chah Rajwala (Ram Tirath Chowk),AMRITSAR,"Plot no- 286 ,Chahrajwala, G.T Road Putlighar, Opp Balmiki Statue. Near Railway workshop. Asr",143001,10.30am-9.30pm,18001032547
19,Gazal Palace,AMRITSAR,"Plot no 21,Gazal Banquet hall Opp nayyar Hospital,Lawrance Road  Amritsar Punjab",143001,10.30am-9.30pm,18001028138
20,"Div No. 3 (Mohar Singh Nagar),Gobind",LUDHIANA,"B-XXIII-6837/2B, Mohar Singh Nagar, Ludhiana, Punjab.",141008,10.30am-9.30pm,18001034046
21,Dugri Road Ex -1 Market,LUDHIANA,Sco-86 Near Bagga Nursing Home Phase-1 Ludhiana,141002,10.30am-9.30pm,18001032938
22,"Dugri Road, Model Town,Walia Dept",LUDHIANA,"Reliance Fresh Store,41/1, Opp. Aroma Market, Near Walia Complex, Dugri Road, Model Town, LUDHIANA-",141002,10.30am-9.30pm,18001029027
23,"Raj Bhavan,Hindu College",AMRITSAR,Reliance Fresh  C/o. Raj Bhawan Hindu College Rd. Dhab Khatikan Opp. Janana Hospital,143001,10am-9pam,18001033690
24,"Shiva International,Cheratha Road",AMRITSAR,"Reliance Retail ltd Shiva international,Japani Mill G.T Road ,Chheharta Amritsar",143001,10am-9pam,18001031717
25,Habopwal,LUDHIANA,RELIANCE FRESH MAIN MARKET WADI HAIBOWAL NEAR BABA BHURI WALA GURUDWARA LUDHIANA PUNJAB,141001,10.30am-9.30pm,18001033718
26,Shaheed Bhagat Singh Nagar,LUDHIANA,"Reliance Fresh Limited SCO 12,13&14 Shheed Bhagat Singh Nagar  Ludhiana  Punjab 141013",141013,10am-9pam,18001036973
27,KidwaiNagar,LUDHIANA,2666 Ajit nagar Opp mini Rose Garden Ludhiann Punjab,141111,7am-9pm,18001027617
28,Suruchi,AHMEDABAD,"SURUCHI,VIKAS GRUH ROAD,NR ASHOKNAGAR BUS STOP,PALDI,AHMEDABAD.",380007,10am-9pam,18001035926
29,Parth Empire- Maninagar,AHMEDABAD,"5A To 5c,6A To 6F(GF),PARTH COMPLEX, Nr,Fire station,Krishna baug, maninagar, Ahmedabad.",380008,10am-9pam,18001035278
30,Shahibaugh,AHMEDABAD,"RELIANCE FRESH LIMITED MARUTI SAPHIRE, OPP. SHAHIBAUG POLICE CHOWKY NR. UNDERBRIDGE,SHAHIBAUG, AHMEDABAD -",380004,10am-9pam,18001033667
31,Drive in,AHMEDABAD,"Drive In store , Near Drive In Cinema",380052,10.30am-9.30pm,18001027614
32,Vishnupratibha-Virar,MUMBAI,"VishnuPratibha Complex, Vishnu Pratibha, Hall, Opp. Utkarsh Vidyalaya, PP Marg, Virar(WEST). Thane 401303.",401303,9am-9pm,18001027401
33,Centrium Mall,MUMBAI,"Reliance Fresh Ltd., Centrium Mall, Lokhandwala Complex, Kandivali (E)",400101,10.30am-9.30pm,18001027992
34,Manu Krupa-Virar,MUMBAI,"Manukrupa Bunglow H.no 64-65, Manvelpada Road,Virar(East), Taluka Vasai, District Thane 401303",401303,7am-9pm,18001031335
35,TirupatiApt-WardenRd,MUMBAI,Reliance Signature Store Bhulabhai Desai Road Opp - Mahalaxmi Mandir Tardeo Mumbai Central,400026,10am-9pam,18001036386
36,Shivam Apts,MUMBAI,"Shivam Apt Near Co-operation Bank Anand Nagar Dahisar (E), Mumbai",400068,10am-9pam,18001034795
37,Phoenix Market City,MUMBAI,"Reliance Fresh Ltd., G28/29, Grnd Floor, Market City Mall, L.B.S. Marg, Kurla, Mumbai",400070,10am-9pam,18001031893
38,Acme Mall,MUMBAI,"Acme Mall, Near Khira Nagar, S. V Road, Santa Cruz (W), Mumbai",400054,9am-10pm,18001030417
39,Central City Mall,MUMBAI,"Reliance Super, Central City Mall, D.B.Marg, OPP Shagun Hotel Mumbai Central (E)",400008,10.30am-9.30pm,18001036466
40,Gulmohar Plaza,MUMBAI,"Reliance Retail Ltd, Gulmohar Plaza, Nr. Old VIVA Collage, Virar west, Mumbai MH 401303",401303,10.30am-9.30pm,18001032891
41,D-Victoria,MUMBAI,"RF D Victoria Mall, Devpooja Builders PL, D Victoria Mall, Plot No. 81-90, Shimpoli Road, Borvali West",400092,10.30am-9.30pm,18001028254
42,Brodipet,GUNTUR,RELIANCE FRESH LIMITED D NO:5-37-59 4TH LINE BRODIPET GUNTUR,522002,10.30am-9.30pm,18001029806
43,Arundelpet,GUNTUR,"Reliance fresh Ltd,GGK Plaza, D.No:6-4-30, 4/2 Arundalpet,Guntur.",522002,9am-10pm,18001032386
44,Kothapet,GUNTUR,"RELIANCE FRESH LIMITED, D No: 12-25-168, G. V. DOCTOR's PLAZA, KOTHAPET, GUNTUR",522001,7am-9pm,18001035489
45,Koritipadu,GUNTUR,"RelianceFreshLtd,MiracleResidency,Door No:4-4-78,Chandramoulinagar,Koritipadu, GUNTUR",522007,7am-9pm,18001036993
46,Nagamani Tower Chi,CHITTOOR,"Nagamani Towers, Survey no 682, sri chaitanya School Building,Vellore Road, Chittoor",517501,10am-9pam,18001032535
47,Dargamitta,NELLORE,"RELIANCE SUPER, MUNCIPAL CAS NO:516, SRI SAILAM TOWERS, POLICE OFFICE ROAD, ADJ: TO KVR PETROL BUNK, DARGAMITTA, NELLORE-AP",524003,10.30am-9.30pm,18001036263
48,AbhiTower,TIRUPATI,"Reliance Mart, Abhi Towers, Near Railway overbridge, Renigunta Road,Tirupati",517501,9am-10pm,18001028445
49,Lakshmipuram,GUNTUR,"Reliance Hypermart limited.H.NO:5-87-7, City Center Building, Opp.union Bank Of India, Main Road, Laxmipuram, Guntur, AndhraPradesh",522002,7am-9pm,18001031264
50,Subhash Nagar,NEW DELHI,Shop No.53 to 56 Ground Floor Main Market Subhash Nagar New Delhi,110027,10am-9pam,18001031162
51,Inderpuri,NEW DELHI,"RELIANCE FRESH STORE ER-7,INDERPURI NEW DELHI-12",110012,7am-9pm,18001028675
52,Pira Garhi,NEW DELHI,487/35 Natioanl market peera garhi New delhi,110087,10am-9pam,18001037039
53,"Milap Nagar,Mangal BazaarUttam nagar(E)",NEW DELHI,"WZ-50/51,Mangal Bazar Road Milap Nagar, Uttam Nagar,New Delhi",110059,10am-9pam,18001036861
54,Mohan Garden,DELHI,"K-1/1 Peepal Wala Chowk ,Mohan Garden,Uttam Nagar,New Delhi",110059,10am-9pam,18001030168
55,Bali Nagar,NEW DELHI,"F-99 Ground Floor Bali Nagar , New Delhi 110015",110015,8am-9pm,18001034577
56,Mansarovar Garden,DELHI,F-227/228 mansarovar Garden,110015,7am-9pm,18001027883
57,Paschim Vihar,DELHI,"A-6/1,Paschim Vihar. Oppsite Indraprastha School, New Delhi",110063,10am-9pam,18001036085
58,Ganesh Nagar,DELHI,A-110 Ganesh Nagar- Tilak Nagar Near central Hospital -New Delhi,110018,10.30am-9.30pm,18001033346
59,Fateh Nagar á,DELHI,"D- 28&29 fateh nagar , new delhi, Pin code--- 110018",110018,10.30am-9.30pm,18001035187
60,SultanpuriNangloi Rd,DELHI,"Plot No.B-56, Raj park, Main Road Sultanpuri, Nangloi Road,New Delhi",110086,10am-9pam,18001033274
61,Nangloi Nazafgarh,DELHI,RELIANCEE FRESH LTD PLOT NO.23 GROUND FLOOR NANGLOI NAJAFGARH ROAD  NANGLOI NEW DELHI,110041,10am-9pam,18001027353
62,Nangloi Saiyed,NEW DELHI,"Property No.- 4&5, Sayed Nangloi, New Delhi.",110087,10am-9pam,18001029820
63,SpringAvenue-Kalyan,MUMBAI,Reliance Fresh Spring Avenue near KDMC office Khadakpada  Kalyan (W),421301,10am-9pam,18001028268
64,Mahadev - Thane,THANE,"Reliance fresh, next to malhar cinema,opp mtnl exchange,naupada,thane (w).mumbai",400601,7am-9pm,18001029544
65,Galaxy-Sion,MUMBAI,Reliance Fresh Galaxy supermarket 2/2  sindhi socity opp of Guru Kripa Hotel Sion west,400022,10.30am-9.30pm,18001037072
66,Anna Louis-Vikhroli,MUMBAI,Reliance Fresh LTD Anna louies Good Will Mention near by bus Depo,400083,9am-10pm,18001033302
67,Swadeshi-Chunabhatti,MUMBAI,"Reliance Fresh Limited, swadeshi mills compound,tower no.6 Reliance retail, Opposite jain temple, Near Chunabhatti crossing",400022,10am-9pam,18001034359
68,Court Circle,DHARWAD,"""VISHWA LAXMI ARCADE"", Municipal nos. 11973,CTS Nos. 109/A1/A1,Court Circle, P.B. Road, Dharwad-580 001",580001,10.30am-9.30pm,18001029402
69,Keshwapur,HUBLI,"Kalyani Classic,Opp Sbi Zonal Off,Keshavapur,Kusugal,Hubli - 580023",580023,7am-9pm,18001027619
70,RPD,BELGAUM,"""Kalashree Apartments"", Cts No.,17A&B, Khanapur Road, Tilakwadi,Belgaum-590008",590008,10am-9pam,18001032135
71,Deshpande Nagar,HUBLI,"""VERNEKAR PLAZA"", CTS No. 162/17A1,A2,A3,A4 & A5, Deshpande Nagar, Hubli-580 029.",580029,10.30am-9.30pm,18001029984
72,RELIANCE SUPER VALUE,BELGAUM,"No:. 1357/A Ground Floor, Hotel Hanuman Compound,Kle Hospital Road, Kolhapur Circle, Belgaum – 590010",590010,10am-9pam,18001037357
73,MangalaTowers-CBD,NAVI MUMBAI,"Mangala Tower, ShopNo.1 to 7 Plot No.34,Sector-15. CBD BElapur Navi Mumbai",400706,7am-9pm,18001031243
74,JaiBharat-Nerul,NAVI MUMBAI,"new Jaibharat,plot no.7 & 8,beside Army colany,women hostel building,sector-5,navi mumbai",400706,7am-9pm,18001034658
75,Sai Palace-Vashi,NAVI MUMBAI,sai palace sector-10A vashi Navi mumbai near NNMC hospital,400703,10am-9pam,18001032299
76,Roopdarshan-Kkhairne,NAVI MUMBAI,"Roopdarshan Reliance fresh ltd nerar bridge palm beach rd sector,11  shop no3/12 nivimumbai koper kharine",400709,10am-9pam,18001028592
77,Dev Darshan,NAVI MUMBAI,shop no:34 to 47 sector-19 devkrupa chs.kharghar navi mumbai.,410210,10.30am-9.30pm,18001035860
78,MunotResidenc-Panvel,NAVI MUMBAI,Reliance fresh limited Munot resiency 34-35 Thane naka Panvel Nr.Garden restaurant mumbai maharashtra,410206,10am-9pam,18001036456
79,Merchandising Centre,NAVI MUMBAI,"Merchandising Centre, Gate-A, RCP, Thane-Belapur Road, Ghansoli-400701, Navi Mumbai, Maharashtra",400701,10am-9pam,18001035813
80,I-Gate Patni Campus,NAVI MUMBAI,"IGate Knowledge Park, Patani Campus, 1st Floor, B-Block, MIDC, Knowledge Park, Plot No - IT-1/IT-1A, TTC, Industrial Area, Mahape, Airoli, Navi Mumbai",-,10.30am-9.30pm,18001036567
81,PataudiRoad,GURGAON,Reliance Fresh Ltd. Pataudi Road gurgaon Haryana,122001,10am-9pam,18001036424
82,HudaMarketSEC23,GURGAON,"SCO-30,31,32 Reliance Fresh Huda market sec 23 Gurgaon Haryana",122001,10.30am-9.30pm,18001028141
83,SouthNajafgarh,DELHI,RZ-1 Nehru Garden New Roshan Pura Opp BDO Office Najafgarh New Delhi,110043,10am-9pam,18001028800
84,"Sector - 31, Gurgaon",GURGAON,"Shop No. 11 & 12, Huda Mkt. Sector 31,  Gurgoan.",122001,10am-9pam,18001027160
85,Kakrola Mor,NEW DELHI,"Reliance Fresh Ltd. Plots Nos 152& 153,Out of Kharsa No 3/5 Situated in the vill, Kakrola Delhi",110059,7am-9pm,18001030719
86,Vijay Enclave,DELHI,"A-1/23,Vijay Enclave,Main Palam Dabri Road,Near Dashrathpuri Bus Stand,New Delhi",110045,9am-9pm,18001028094
87,"Huda Market, Sector - 4, Gurgaon",GURGAON,"RF Limited, SCF-24-25, Huda market-2, Sec-4, Gurgaon-122001",122001,10.30am-9.30pm,18001029528
88,Ansal Plaza,GURGAON,"Reliance Fresh-3079 GFA-1 ANSAL PLAZA, PALAM VIHAR-GURGAON HARYANA",112017,9am-10pm,18001032039
89,BMG Mall Rewar,REWARI,BMG Mall Lower Ground Floor Circular Road Rewari,123401,9.30am-8.30pm,18001033462
90,DLFMegaMall,GURGAON,"Reliance Super, Shopp no LG-01DLF Mega Mall, DLF PH-1, Golf Corse Road, Near Bristol Hotel & Sikanderpur Metro Station",122001,10.30am-9.30pm,18001028670
91,Bhiwadi,ALWAR,"Capital Mall, Reliance Super, Plot 812, Bhiwadi Industrial Area, Near UIT Police Station, alwar, Rajsathan",301019,9.30am-8.30pm,18001029828
92,JharsaRoad,GURGAON,"Reliance Fresh Ltd., Indiraj Arcade, Sec-15, Part-2, Kirti Nagar, Near Jharsa Road",122001,7am-9pm,18001033980
93,Shubham Banquet,ROHTAK,Reliance Fresh Ltd HUDA Complex Delhi Road Rohtak,124001,10am-9pam,18001029313
94,Shehnai Banquet,ROHTAK,"Shahnai banquet, Mansarover park, Delhi Road",124001,10am-9pam,18001035412
95,Sagar Villa,ROHTAK,Reliance Fresh Sagar villa in the Sagar villa complex Near Sheela by pass Rohtak.,124001,10am-9pam,18001029536
96,Kath Mandi,ROHTAK,Reliance Fresh Ltd Kath Mandi Jhajjar Road Rohtak,124001,7am-9pm,18001031512
97,PLA chowk,HISSAR,"Reliance Fresh Ltd.Pla chowk,hissar,Near saini sweets,camp chowk,hissar(Haryana)",125005,10am-9pam,18001036923
98,Phase V,MOHALI,"Reliance Fresh, S.C.O-8, Phase-5,Mohali, Punjab.",160059,10am-9pam,18001034393
99,PhaseX,CHANDIGARH,"Relance Fresh, s.c.o no 61 to 66 phase 10,.opposite silvi park. mohali",160071,10am-9pam,18001028401
100,Phase VII,MOHALI,"reliance fresh s.c.o 62-63-64,phase 7 mohali",160062,10am-9pam,18001035301
101,Mundakkal,KOLLAM,"Reliance Fresh, Reliance Retail Ltd,  Arunachal XIII/ 1451 Opp.S.P.Office. H&C Road, Tillery Mundakkal West, Kollam- 691 001",691001,10am-9pam,18001031124
102,Vendormukku,KOLLAM,"Reliance Fresh, Reliance Retail Ltd,  Krishna Towers, Vadakevila Vendormukku, Kollam- 691 010.",691010,9am-9pm,18001030257
103,Chinnakada,KOLLAM,"Reliance Fresh, Reliance Retail Ltd,  Parameswaran Pillai Bhavan,  Parameswar Nagar, Chinnakkada Taluk Kollam- 691 001.",691001,10.30am-9.30pm,18001028561
104,PATTOM,TRIVANDRUM,"Reliance Fresh, Reliance Retail Ltd,  Relcon Plaza Pattom Trivandrum – 695 004",695004,10am-9pam,18001029841
105,PEROORKADA,TRIVANDRUM,"Reliance Fresh, Reliance Retail Ltd,  Nadan Squre, Kudappanakunnu Village, Peroorkada Jn., Trivandram -695 005.",695005,10am-9pam,18001027427
106,Kottiyam,KOLLAM,"Reliance Fresh, Reliance Retail Ltd,  E.A.K. Complex, Kottiyam, Kollam - 691 571.",691571,7am-9pm,18001032093
107,Edappazhanji,TRIVANDRUM,"Reliance Fresh, Reliance Retail Ltd,  India Tower, Edappazhanji Vazhuthakkadu Trivandrum – 695 014.",695014,10.30am-9.30pm,18001027322
108,Thodupuzha,KOCHI,"Reliance Fresh, Reliance Retail Ltd,  Pulimoottil Roy Rojer's Tower Punalur - Moovattupuzha Road Thodupuzha P O, Pin - 685 584",685584,10am-9pam,18001030185
109,Kothamangalam,KOCHI,"Reliance Fresh, Reliance Retail Ltd,  Buildg. No. 11/462 Opp. Kothamangalam Police Station, Kothamangalam",686691,7am-9pm,18001035639
110,BCM City,INDORE,"Reliance Fresh Limimted, Bcm City 4-6, Upper Ground Floor, Navlakha Square, A.B. Road Indore",456001,9.30am-8.30pm,18001035579
111,Hotel Athiti Satkar,INDORE,Scheme No.54 Vijay Nagar Indore,452010,10.30am-9.30pm,18001036680
112,ClassicMoon,INDORE,"Gf 1/2/3, Classic Moon, Old Palasia",452001,10.30am-9.30pm,18001032483
113,VikramSquare,INDORE,"Reliance Fresh, Vikram Squre Schem No 71, Sectior - C, Indore Mp",452009,9am-9pm,18001033540
114,NewPalasia,INDORE,"Reliance Fresh, D M Tower, Ug9-12, Grnd Floor 21/1, Race Course Road, New Palasia",455001,10am-9pam,18001030469
115,ShekarPlanet,INDORE,"Shop No S1,S2 S-18 Sekhar Planet Scheam No-54 Opp. Bombay Hospital Indore (Mp)",452001,10am-9pam,18001027176
116,KanchanBagh,INDORE,"Reliance Fresh Limited 18 Trade Centre, Ug 20-27, Kanchan Bagh,South Tukoganj, Indore(M.P)",452001,7am-9pm,18001036503
117,Kanthal,UJJAIN,"Reliance Fresh Limited Mpl No. 188/1,188/2,188/2A,187/2 Ankpat Marg,Teliwada Kanthal Ujjain",456006,7am-9pm,18001033038
118,KalaniNagar,INDORE,6/1 Shikshak Nagar Opp. Kalani Nagar Indore Mp,452005,7am-9pm,18001037368
119,Almonte-Khardi Bypas,PUNE,"Reliance Hypermart Ltd.  survey no:8, Hissa No: 2B+2C Kharadi, Haveli Near raddison hotel Pune-411014",411014,9am-10pm,18001031834
120,TainSqr-FatimaNgr,PUNE,"RELIANCE HYPERMART LTD; SURVEY NO 15, TAIN SQUARE BUILDING, OFF PUNE SOLAPUR ROAD, OPPOSITE TO HDFC BANK, FATIMA NAGAR, WANWORIE, PUNE, MAHARASHTRA",411040,10am-9pam,18001028428
121,Aundh,PUNE,Reliance hypermart Ltd. Westend center DP road opposite macdonald pune - 411007,411007,8am-9pm,18001034230
122,Shalvik Avenue,AHMEDABAD,Reliance Fresh Ltd. A-1 Shalvik Avenue Opp. UCO Bank Nr.Police Choki Narayanpura Ahmedabad,380013,10am-9pam,18001029966
123,Onyx,AHMEDABAD,"Onyx Nr.IDBI Bank, OFF CG road Navarangpura, Ahmedabad",380009,10am-9pam,18001035703
124,HighStreet,AHMEDABAD,"Reliance Super , Opp-Navarang[pura Police Station ,Opp-naptune house, High Street, Shrimali Society, Near Navrangpura Railway crossing, Ahmedabad",380009,10.30am-9.30pm,18001036606
125,MotiKhavdi,JAMNAGAR,"Reliance Hypermart Ltd. Opp. Reliance Refinery Main Gate, Village: Moti Khavdi Tal:Lalpur, Dist:Jamnagar.",361140,10am-9pam,18001029556
126,AyurvedicUniversity,JAMNAGAR,"Reliance Super, Opp Gujarat Ayurvedic University, Gurudwara road, Jamnagar, Gujarat",361005,8am-9pm,18001033967
127,Gachibowli,HYDERABAD,"Reliance fresh ltd Gachibowli,hyderabad,AP-500032",500032,10.30am-9.30pm,18001030819
128,Miyapur,HYDERABAD,"Plot no -160,Survey no-2, madeenaguda(v),Serilimgampalli (mandal & municiplity),R R Dist,AP.",590015,10am-9pam,18001036747
129,Vivekanandanagar,HYDERABAD,"Plot no.401,servey no.134 and 140, Vivekananda Nagar kukatpally,",500072,9am-9pm,18001030208
130,Yousufguda,HYDERABAD,"8-3-318/6/6,101,bandaru bhavan, yousufguda, Hyderabad.",500073,9am-9pm,18001030667
131,Balkampet-Ameerpet,HYDERABAD,"RELIANCE FRESH LTD H.NO:7-1-439 & 440, AMEERPET NEAR SATYAM THEATER",500082,8am-9pm,18001030039
132,Banjarahills,HYDERABAD,"Reliance fresh limited M.no 8-2-626/b/G&M, Block-B,Banjara hills, Hyderabad",500034,8am-9pm,18001032670
133,Amba Gardens,HYDERABAD,"Reliance Fresh Ltd,  Srinivasa, Gundluri complex, M.No-12-2-460, plot - 6, Ambagardens, Asifnagar, Mehdipatnam, hyderabad-028",500028,9am-10pm,18001027915
134,Vengalrao Nagar,HYDERABAD,"M No:8-3-191/254/8a&8b,vengalrao nagar,hyderabad",500038,9am-9pm,18001030713
135,Hydershakot,HYDERABAD,"survey no 11/1,11/2,11/3,11/5, plot no-2 part, hydershahkote village,rajendranager mandal,ranga reddy dist.",500091,10.30am-9.30pm,18001032855
136,Filmnagar,HYDERABAD,"Municipal No.A-33,Road No-2,Filmnagar,Hyderabad.",500033,10.30am-9.30pm,18001029806
137,Moti Nagar,HYDERABAD,"Reliance Fresh Ltd, Swarupa Sirisampada, Municipal.No:8-3-167/M-20/3. SriRam Nagar, MotiNagar, Hyderabad.",500045,10am-9pam,18001027359
138,LibertyPlaza,HYDERABAD,"Reliance Hyper Mart, Municipal No.8-1-346/1, Shaikpet, Sazda Colony, Tolichowki, Hyderabad, AP.",500008,7am-9pm,18001034524
139,"Madhapur, Vaishnavai Projects:",HYDERABAD,"D Block, Sy No 8, 10,11,12,13,14 &15, Fresh Living, Gafoor Nagar, Madhapur Hyderabad.",500081,7am-9pm,18001030042
140,Kondapur,HYDERABAD,"Ravi Enclave, Plot No 132 & 133, Kondapur, Hyderabad.",500084,7am-9pm,18001036119
141,"PJR Stadium, Chandanagar",HYDERABAD,"SM Royal, Opp. PJR Stadium, Chandanagar, Hyderabad",500050,10am-9pam,18001034013
142,Anna Nagar 8th rd,CHENNAI,"Reliance Fresh Ltd ,No 1327,18Th Main Road , Anna Nagar West, Chennai",600040,9am-10pm,18001031807
143,Pursaiwakkam,CHENNAI,"Reliance Fresh Ltd ,No24,Raja Annamalai Road,Purasaiwakkam, Chennaii",600084,10am-9pam,18001037096
144,Anna Nagar 6th Avenue,CHENNAI,"Reliance Fresh Ltd ,Old No:Q4, New No:Q31, Plot No:3721, 6Th Avenue, Anna Nagar,Chennai",600040,9am-10pm,18001030694
145,Mogappair west JK Complex,CHENNAI,"Reliance Fresh Ltd ,2/8A & B,JK complex,Kambar Street ,Mogappair West, Chennai",600037,10am-9pam,18001036254
146,Kilpauk(Ormes Road),CHENNAI,"Reliance Fresh Ltd ,No.14,Ormes Road,1St Cross Street,Kilpauk ,Chennai",600010,7am-9pm,18001035479
147,Golden George Nagar,CHENNAI,"Reliance Fresh Ltd ,No.225&226 Erode Jaganathan Street, Golden George Nagar, Chennai",600107,10.30am-9.30pm,18001034284
148,Villivakkam,CHENNAI,"Reliance Fresh Ltd ,Old No 105, New No 229, MTH Road, Villivakkam, Chennai-49",600049,9am-9pm,18001032473
149,Kodungaiyur,CHENNAI,"Reliance Fresh Ltd ,No.4,K.S Mahal , Thondiarpet High Road, Kodungaiyur, Chennai-6000118",600118,7am-9pm,18001029914
150,Royapuram,CHENNAI,"Reliance Fresh Ltd ,65&66, M.S.Koil Street, Royapuram, Chennai.",600013,10am-9pam,18001032194
151,MKB Nagar,CHENNAI,"Reliance Fresh Ltd ,Plot No.Bp329 7 Th Cross Street, MKB Nagar, Vyasarpadi, Chennai.",600039,10am-9pam,18001034053
152,Perambur,CHENNAI,"No.131-133  M.P.M Road  Perambur, Chennai-600039",600039,10am-9pam,18001036462
153,Shyam Nest - Kolathur,CHENNAI,"Shyams Gokulam,Door No. 101 - 104,Vivekananda Main Road  Kolathur - Chennai",600099,10am-9pam,18001028353
154,Narela,NEW DELHI,"RELIANCE FRESH 1961/5 khasra no 121 railway road near hdfc bank ,ramdev chowk delhi 110040",110040,10am-9pam,18001035476
155,Maujpur,DELHI,A 151  MAUJPUR GHONDA ROAD MAUJPUR GHONDA,110053,10am-9pam,18001029359
156,Gokulpuri,DELHI,"D-249, Ganga Vihar, Gokal Puri Delhi",110094,10.30am-9.30pm,18001033522
157,Dilshad Colony,DELHI,"Shop no. E-9,10,11 Express Market, Near Suraksha Nursing Home, Dilshad colony, Delhi",110095,10.30am-9.30pm,18001035318
158,North Ghonda,DELHI,"K-14/1 Main Rubber Factory Road ,Gali no.16 ,North ghonda ,Delhi -110053",110053,10am-9pam,18001036178
159,Bhajanpura,DELHI,"B-2/654/21,RAMA KRISHNA BANQUIT HALL MAIN WAZIRABAD BHAJANPURA DELHI -110053",110053,9.30am-8.30pm,18001030689
160,Mandoli Main Road,DELHI,"1/2358,main mandoli Road, ram nagar,shahdra,delhi-32",110032,7am-9pm,18001035724
161,Shyam Shikar,AHMEDABAD,"Reliance Fresh, Shyam Shikhar Complex, India Colony Cross Road, Bapunagar, Ahmedabad",380024,10am-9pam,18001031106
162,Galaxy,AHMEDABAD,"Reliance Fresh Ltd. , A/4 & A/16 to A/18 , Ground floor , Galaxy Avn , Nr.Galaxy Cinema , NH No 8, Naroda, Ahmedabad",382330,10.30am-9.30pm,18001036037
163,Bhavnagar,BHAVNAGAR,"Plot no2132/A, Nr, attabhai Chowk,Talaja Road,Bhavnagar",364001,9.30am-8.30pm,18001030347
164,Sai Avenue,VADODARA,"SHOP NO. 1 TO 6, GROUND FLOOR,  SAI AVENUE, AMITNAGAR CIRCLE, KARELIBAUG, VADODARA",390022,10am-9pam,18001035519
165,Sarthi,VADODARA,"Reliance fresh soap no 4-12, sarthi complex 11-12 nutan bharat soc opp,nutan bharat club alkapuri vadodara.",390007,10am-9pam,18001032134
166,Girikandra,VADODARA,"Reliance Fresh Ltd. 'Girikendra' shop No. 1 to 19, Ground Floor Nr. HDFC Bank, Opp. Bapod Talav, Ajwa-Wagodia Road. Vadodra.",390019,10.30am-9.30pm,18001034499
167,Balaji Arcade,VADODARA,"Releance Fresh, Balaji Arcde  Near, Santoshi Nagar Nizampura Vadodara",390002,8am-9pm,18001030689
168,Mangalya,VADODARA,"Reliance Super, Mangalya Hall, Nr Air Port Circle Harni road Vadodara",390022,7am-9pm,18001034690
169,Moti Bagh,JUNAGARH,"Reliance Fresh, Opp.Rajlaxmi Park, Motibaug Road, Junagadh(Gujarat)",362001,10am-9pam,18001028218
170,Sector12B,GANDHIDHAM,"Reliance Fresh Ltd, Plot no - 310, Ward 12/B, Near LIC Building, Old Court, Gandhi Dham Gujarat",370201,10am-9pam,18001034638
171,SevashramRoad,BHARUCH,"Reliance super ,opp. icici bank shevashram road, bharuch",392001,10am-9pam,18001030828
172,Gunjan,VAPI,"Reliance super vapi opp - Hotel prime  - Near 21St century hospital, gidc, vapi",396195,10.30am-9.30pm,18001030756
173,MahavirNagar,HIMATNAGAR,Plot No-89&90 Khed Tasiyaroad Near Gokul Nagar Rly Crossing Mahavir Nagar Himmatnagar-383001,383001,7am-9pm,18001029889
174,MundraRoad,BHUJ,"Bhanushali Nagar, Mundra Road, Bhuj-Kutch",370001,10am-9pam,18001034529
175,KantAdani,NADIAD,"Reliance Super, Kant Apartment, Opp. Chandan Jewellers, Nr. Kidney Hospital, Petlad road, Vaniyavad, Nadiad.",387001,7am-9pm,18001031201
176,ManeklalRoad,NAVSARI,"Relaince Super,Opp. Head Postoffice,Nr Sandhkuva Police Station,Maneklal Road,",396445,7am-9pm,18001029368
177,MontVert-PashanRd,PUNE,"R. F. Ltd survey no. 128/2/A,mont vert -2 bildg .C pashan sus road ,pashan pune.",411021,10am-9pam,18001027963
178,MantraMallW'wadi,PUNE,Reliance Fresh Ltd. Lingfield Plaza Salunke Vihar NIBM Road Pune,411040,7am-9pm,18001027443
179,GeetaiCplex-PaudRd,PUNE,"Reliance Fresh Ltd. S/n.129,Geetai Sankul Paud Road Kothrud Pune 411038",411038,10.30am-9.30pm,18001030545
180,AstralCrt-GkwdNg,PUNE,showroom no.1 superme center Astral court Gaikwad Nagar Aundh,411007,8am-9pm,18001030428
181,SkyCruise-VimanNgr,PUNE,Reliance Fresh  RF Viman Nagar Pune store Sky Cruise Ground Floor S.no.210 Sky Cruise OPP.KonarkNagar Viman Nagar Lukad Amazon Pune Maharashtra 411004,411004,10am-9pam,18001033879
182,Sh.KrpaHt-DattaNgr,PUNE,"Sr No.34/2,Shree krupa Comp., Behind Katraj Dairy,Bharati Vidyapith Dattanagar Road.Katraj Pune",411046,10am-9pam,18001037313
183,Royal Rtrt-Au Kdk Rd,PUNE,"Infront of Ganesh Tempal,Dapodi,Aundh road,Khadki,Pune.",411020,10am-9pam,18001030955
184,BT Gawde,PUNE,B.T.Kawade road  ghorpadi pune  survey No.69/1A,410001,10.30am-9.30pm,18001029541
185,Vadgaon Sheri,PUNE,Reliance fresh Ltd centre Pint  wadagon sheri,411014,10am-9pam,18001035976
186,Kalyani Nagar,PUNE,"Reliance fresh kalyani nagar Octoi Naka no.88 Behind Ramwadi, Pune Nagar road,Kalyani Nagar,Pune, Maharashta.",411014,7am-9pm,18001032612
187,New Tippasandra,BANGALORE,"Muncipal No-4B-26Th Main Sri Ramatemple Street New Tippasandra  K R Puram Hubli  South Taluka, Bangalore -560004",560004,10am-9pam,18001033581
188,Whitefield,BANGALORE,"Property No. 07, Cmc No. 7-5/5,White Field Main Road, White Field,Cmc Ward No. 17, Bangalore-560 066.",560066,9am-9pm,18001033647
189,VersovaLayout,BANGALORE,Space Versovamuncipal No. 91/1 Kaggadaspura Main Road Sir C.V Raman Nagar  Bangalore,560093,9am-9pm,18001033231
190,Marathhalli,BANGALORE,"95/3, Kote M.R.Plaza,K.R.Puram Ring Road Marathalli,Bangalore-560037",560037,7am-9pm,18001027445
191,Indiranagar (off CMH Rd.),BANGALORE,"Municipal No. 242, Pid No. 82-24-242, 13Th Cross, Binnamangala 2Nd Stage, Hoysala Nagar (Indira Nagar), Bangalore- 560 038.",560038,7am-9pm,18001033099
192,Koramangala 8th Block (Opt II),BANGALORE,"Municipal No. 581/A (Pid No. 67-6-581/A), Opp Bethany School Ground, 8Th Block, Koramangala, Bangalore- 560 034.",560034,7am-9pm,18001032229
193,Tambuchettipalya,BANGALORE,"Hl No. F2 & F1 Khata No. 154/1 Present Cmc Khata No. 14/65 & Hl F1  Khata No. 154/1 Survey No. 10/6 To 10/8 Of Sonnathammannahalli Village  K R Puram Hobli ,Bangalore",560036,10am-9pam,18001036317
194,B.Narayanpura,BANGALORE,Bhagini Residency  #5Khatha No. 308/1 Pwd Road  Anugraha Layout B'Narayan Pura  Village Kr Puram  Bangalore-560036,560036,8am-9pm,18001036505
195,Ascendas Park,BANGALORE,Ascendas Square Mall Bangalore International Tech Park Whitefield Road Bangalore - 560066,560066,8am-9pm,18001030945
196,I Gate Global Solution Ltd.,BANGALORE,"Plot No: 158-162P & 165-170P, EPIP Phase II, Whitefield Bengaluru, Karnataka",560066,10.30am-9.30pm,18001036752
197,Mint Plaza,BANGALORE,"Reliance Retail Limited, #203 & 205, Next to HDFC Bank, Green Glen Layout,Bellandur,Bangalore 560103",560103,10am-9pam,18001030282
198,Shell Heighits,BANGALORE,"Shell Heights, Hosa Road, Opp.Owners court,Kasavanahalli, Bangalore -Kasavanahalli, Bangalore",560035,10am-9pam,18001027549
199,Ramganj,JAIPUR,"H.N. 4249-4250, Gulab Tower, Opp. Hida ki Mori, Police Station, Suraj Pole, Jaipur- 302003",302003,10am-9pam,18001031090
200,Jawahar Nagar,JAIPUR,"Plot No. D-33, Patrakar Colony, Shanti Path, Jawahar Nagar, Jaipur - 302004",302004,7am-9pm,18001034131
201,Vijay Path,JAIPUR,"111 / 197, Vijay Path, Mansarovar, Jaipur - 302020",302020,9am-9pm,18001031386
202,Haldiya Plaza,JAIPUR,"Haldiya Plaza, 14/82-83, Malviya Nagar, Jaipur- 302017",302017,10.30am-9.30pm,18001034180
203,Raja Park,JAIPUR,"23, Gurunanak Pura, Near Hanuman Dhaba, Raja Park, JAIPUR - 302004",302004,10am-9pam,18001035357
204,Subash Chowk,JAIPUR,"Ghareeb Nawab Complex,On House No.323 ,Natwada House,Old Amer Road,Subhash Chowk ,Jaipur- 302002",302002,10am-9pam,18001031738
205,Sanganer 2,JAIPUR,"Plot no. 3 Mahaveer Nagar  Malpura Road Sanganer , Jaipur-302011",302011,10am-9pam,18001034542
206,Maharani Farms,JAIPUR,"Plot No. 35, Prithviraj Nagar Scheme, Maharani Farm, Nr Durgapura Over bridge, Jaipur-302018",302018,7am-9pm,18001029263
207,MalviyaNagar,JAIPUR,Plot -04  Gem Enclave Malviya Nagar  Jaipur-302018 (Kaleen),302018,7am-9pm,18001034472
208,Bhawani Singh Road,JAIPUR,"Suravi Fabtex Pvt.Ltd.No.3 Bhawani Singh Marg,Jaipur-302001",302001,9.30am-8.30pm,18001030583
209,Pal Road,JODHPUR,Plot No. 4567 Main Pal Road Nera Preksha Hospital & Looni Panchat Samiti Jodhpur -342003,342003,10am-9pam,18001031572
210,Paota,JODHPUR,Plot A.B.C.D Main Paota C Road Jodhpur -342006,342006,10am-9pam,18001033490
211,Ratanada,JODHPUR,House No 24 Shiv Mandir Rd Infront of Bala Sati Mata Govt Hospital Jodhpur-342001,342001,10am-9pam,18001028536
212,Mandore,JODHPUR,Plot No. 23-24 Lal Bunglow-  Mandore Road Jodhpur-342007,342007,7am-9pm,18001036357
213,"Pahar Ganj,D B Gupta Rd",DELHI,Reliance Fresh ltd 9008 G.Floor ward no xv D.B.Gupta road pahar ganj  Delhi,110055,10am-9pam,18001037356
214,"Jhandewalan, rani Jhansi Rd",NEW DELHI,Plot No.45 Rani Jhansi Road Jhandaewalan Delhi,110055,7am-9pm,18001028575
215,Ashok Vihar,DELHI,"B-2/2, Ashok Vihar, Phase-2 , Near Sagar Ratna",110052,8am-9pm,18001033723
216,Chandra lok,DELHI,"89, Chanderlok Pitampura. Opp- M2K Market Delhi-110034",110034,10.30am-9.30pm,18001031887
217,Prashant Vihar,DELHI,"c-2/6, Prashant Vihar, Near PVR. Del-85",110085,10am-9pam,18001032653
218,Pusa Road,DELHI,"5/34 Lower Ground floor Pusa Road Plot No. 7-A Karol Bagh, New Delhi",110005,10am-9pam,18001029580
219,Sarai rohilla,DELHI,Reliance Fresh Ltd 118/1 East Moti Bagh sarai Rohilla New Delhi-110007,110007,10am-9pam,18001031539
220,Bahu Bazar,RANCHI,"Reliance Fresh SPG MART,Bahu Bazar,Ranchi Jharkhand",834001,8am-9pm,18001031767
221,RathodCircularRoad,RANCHI,Reliance Fresh LTD' Rathore Tower circular road Ranchi,834001,10am-9pam,18001029383
222,VyasEnclave,RANCHI,"Vyas Enclave, Plot No. 1446, Holding No. 4M, Ward No., 1(old), Village Morabadi, PS Bariatu, PS No. 192, Ranchi - 834008.",834003,9am-9pm,18001029121
223,Hazaribagh Road,RANCHI,"RELIANCE FRESH, LAXMI NARAYAN MARKET, UDHO BABU LANE, H.B ROAD THARPAKNA, RANCHI,  JHARKHAND-834001",834001,10.30am-9.30pm,18001030444
224,Dimna-Akask Kalsi,JAMSHEDPUR,"Reliance Fresh limited,Akash Kalsi Tower,Beside Vatika Green City,Plot No-1925-1929,Thana No-1642, Mango,Jamshedpur,Jharkhand",831018,10.30am-9.30pm,18001032052
225,T.K Complex,JAMSHEDPUR,"Reliance Fresh LTD, Tee KAY Complex,St Khata No:-28 Plot No:- 3979(new), Tinplate Chowk,Golmuri, JAmshedpur,Jharkhand.",831003,10am-9pam,18001031095
226,Nalanda Shakti,JAMSHEDPUR,"GR.FLOOR, SHAKTI NALANDA TOWER,PLOT NO 3324,NEW PURULIA ROAD, MAUZA MANGO, PS-MANGO,JAMSHEDPUR,JHARKHAND",831012,10am-9pam,18001035037
227,Panch Renu Appt,JAMSHEDPUR,"Reliance Fresh LTD Chaterjee Pancha renu Apartment Near south Park Bistupur Jamshedpur,jharkhand.",831001,10am-9pam,18001037172
228,Hinoo,RANCHI,"RELIANCE FRESH LTD EYLEX MAIN ROAD  HINOO,RANCHI,JHARKHAND",834002,10.30am-9.30pm,18001030111
229,Adityapur,JAMSHEDPUR,"Reliance Fresh Ltd, Prasidh Tower, PlOt no-C-2/9, C-2/12, Mouza -Dindly, PO&PS- Adityapur, Jamshedpur-831013, Jharkhand",831013,9am-10pm,18001031403
230,PrasadMotors,RANCHI,"RELIANCE FRESH, PRASAD MOTORS, RATU ROAD, RANCHI, JHARKHAND.",834001,10am-9pam,18001035910
231,Booty More,RANCHI,RF Booty more Ranchi NH - 33 Thana - sadar Ranchi Dist - Ranchi(Jh) Pin -835217,835217,9.30am-8.30pm,18001034591
232,MaruTower,RANCHI,"Maru Tower,Kanke Road,Ranchi",834008,10am-9pam,18001032250
233,Seagull Appartment,JAMSHEDPUR,"Reliance Fresh Ltd Seagul Apartment, Shop No. G/01 SNP Area, Holding No. 11 & 12 Sakchi Jamshedpur Jharkhand",831001,10am-9pam,18001028145
234,Gulmohar,BHOPAL,"Reliance Fresh Shop No.5,6,7,8,9,10 Krishna Heights Green City Gulmohar  Bhopal (M.P.)",462039,10.30am-9.30pm,18001034020
235,Inderpuri-BHEL,BHOPAL,"Reliance Fresh Ltd, Indrapuri Plot No. 6B, Bhopal , Mp",462021,7am-9pm,18001033944
236,ChunabhattiBhopal,BHOPAL,"Plot No 54,55/4- Rachna Trade Centre Chunabhatti Tehsil Huzur, Bhopal (M.P)",462016,10.30am-9.30pm,18001029310
237,"Sarvadharma Colony,Kolar Road",BHOPAL,"Sarvadhram Colony, Mandakini Chowck,Bhopal.",462042,10am-9pam,18001028877
238,Kohefiza,BHOPAL,Reliance Fresh  Plot No B-6 Sector B Beside Honda Showroom Kohefiza Bhopal,462001,7am-9pm,18001036234
239,AyodhyaByePass,BHOPAL,"Reliance Super Plot No 11-15 Village Narela Shankari, Santosh Vihar Colony , Ayodhya By-Pass Colony",424721,8am-9pm,18001027950
240,NIT-3,FARIDABAD,"Reliance Fresh, 3C/61, Bunglow Plot, NIT-3, Faridabad",121001,10am-9pam,18001033211
241,HudaMarketSEC28,FARIDABAD,"Sho.no-107/108 sector-28, huda market, faridabad, Haryana",110046,10.30am-9.30pm,18001035371
242,SavitriNagar,DELHI,29/1 Savitri Nagar near andolan park Malviya Nagar,110017,10am-9pam,18001028331
243,NIT 1/2 Faridabad,FARIDABAD,"RELIANCE FRESH 1 D/12 B.P. , NIT 1 FARIDABAD",121005,10am-9pam,18001031830
244,"Tamur Nagar,New friends Colony",NEW DELHI,Reliance Fresh Limited 4 & 4A Tamur Nagar,110065,10am-9pam,18001031285
245,"Dayanand Colony, Lajpat Nagar - 4",DELHI,A-32 Dayanand Colony Lajpat Nagar 4,110024,10.30am-9.30pm,18001027696
246,Arjun Nagar,DELHI,"1-C, Next to green Chigh Arjun Nagar, New Delhi",110029,9am-10pm,18001029136
247,Zamrudpur,DELHI,"473 Madhur Milan, Zamroodpur(GK-1) New Delhi",110048,9am-9pm,18001037070
248,Tuglaquabad,DELHI,TA-98 GOYAL HOUSE TUGLQABAD EXT. NEW DELHI- 110019,110019,10am-9pam,18001033158
249,Lado sarai,DELHI,"H.Num.462,Lado sarai,Near Kutub Minar.",110030,7am-9pm,18001029382
250,Dayal Bagh/Eros,FARIDABAD,"Dayal bagh road eros garden, Charmwood village faridabad",121009,10.30am-9.30pm,18001036237
251,CrownInteriorzMall,FARIDABAD,"Reliance Mart Crown Interiorz Mall 12/7, Sector-35, 21KM Stone, NH-2, Near Sarai Khwaja Delhi Mathura Road, Faridabad, Haryana",121003,10.30am-9.30pm,18001031576
252,OrnetArcade,AHMEDABAD,Reliance Fresh Ornate Arcade Shop no 1 to 6 Ornate Arcadeara Flat opp Auda Garden Bodakdev Opp Simandhar Tower Society Ahmedabad,380015,10am-9pam,18001036084
253,SG mall,AHMEDABAD,"S.G.Mall,Bhaikaka Nagar,Thaltej,Ahmedabad",380059,10am-9pam,18001029927
254,Sector-21,AHMEDABAD,"Reliance Fresh, Sector-21,District Shopping Centre,Shop No.11/12...Gandhinagar...Gujarat...",382021,10am-9pam,18001028595
255,ScienceSquare,AHMEDABAD,"Shop 1-5, Science Square Complex, Near Takshila Complex, Science City Road, Sola Gaon, Ahmedabad",380060,10am-9pam,18001036158
256,Sangath Mall,AHMEDABAD,"Sangath Mall opp.Eng.College Chandkheda GandhiNagar Highway Sabarmati., Ahmedabad",380005,10am-9pam,18001027515
257,KshitijNavrangpura,AHMEDABAD,"Kshitij complex,Opp.swati Society, Nr.Darpan Six Road,Navrangpura, Ahmedabad.",380009,7am-9pm,18001027613
258,Maurya Atria,AHMEDABAD,"Reliance Fresh Ltd. Ground floor,  Opp. Kalgi Flats,  Nr. Sai Avenue,  Bodakdev, Ahmedabad.",380015,10am-9pam,18001030698
259,SafalPegasus,AHMEDABAD,"Reliance Fresh Limited,Shop No. 1,2,3, 100Ft Road, Prahlad Nagar,Anand Nagar, Ahmedabad -380015",380015,10am-9pam,18001037051
260,ISKCON,AHMEDABAD,"Reliance Mart,Iscon Mega Mall,S G Highway, Nr. Iscon Temple, Ahmedabad",380054,7am-9pm,18001033677
261,"Ideal Homes Society, RR Nagar",BANGALORE,"Municipal No. 289/A, 12Th Loop Road, 17Th Cross, Halage Vaderahalli, Ideal Homes Scoiety,Rajarajeshwari Nagar, Bangalore-560 098.",560098,10.30am-9.30pm,18001029926
262,Basaveshwar Nagar,BANGALORE,"Municipal No. Mig-15/28, 1St Cross, 1St Stage, Khb Colony, Bangalore-560 079.",560079,9.30am-8.30pm,18001034066
263,Malleshwaram 8th,BANGALORE,"""Emami Nest"", Shop Unit No. 001, Municipal No. 36/2, 16Th Cross, 8Th Main, Malleshwaram, Bmp Ward No. 7, Bangalore-560 003",560003,7am-9pm,18001035926
264,Modi Hospital,BANGALORE,"Municipal No. 718/A, 9Th Cross, Modi Hospital Main Road, Basaveshwar Nagar 2Nd Stage, West Of Chord Road, Bangalore-560 010.",560010,10am-9pam,18001034135
265,Vijaynagar Mutt,BANGALORE,"Municipal No.1416/A,1St B Main Rd.Vijaynagar,Bangalore-560040",560040,9am-9pm,18001030607
266,Nazarabad Mn Rd,MYSORE,"""Mahanandi Complex"",Municipal No. 41 ( Old No. 683), Nazarbad Main Road, Mysore-570 010.",570010,10am-9pam,18001031069
267,Kalidasa Road,MYSORE,"Kalidasa Main Road,Pancahvatipuram, Jayalakshmipuram,Mysore-570002",570002,7am-9pm,18001032344
268,Kuvempu nagar,MYSORE,"Site No. I/Smt, J.C.S.T. ""I"" Block, Udayaravi Road, Chamaraja Mohalla, Kuvempu Nagar, Mysore-570 023.",570023,7am-9pm,18001035810
269,Vijaynagar2nd,MYSORE,"Muncipal No 129130 & 131  Mahadeshwara House Bldg. Co-Operative Society Ltd (Vijayanagar 2Nd Stg. High Tension Road,Mysore -570017",570017,9am-9pm,18001033377
270,Ulla Main Road,BANGALORE,"Ullalroad,Site Nos.2&3,Khatha No.343,Yeshwanthpura Hobli,Bangalore North Tq.,Bangalore",560056,10am-9pam,18001034855
271,Palace Guttahali,BANGALORE,"#3217, Central Avenue, 2nd Main Raod, Unishire Victory,Guttahalli Palace,Bangalore-560003",560003,10am-9pam,18001036825
272,Nandini Layout,BANGALORE,"Reliance Retail Limited, 15th Main Road, 4th Block, Nandhini Layout,Bangalore -560096.",560096,10am-9pam,18001028481
273,Sai Lake View - Nagarbhavi,BANGALORE,"Gidadakonenahalli, Srigandhadakaval,Nagarabhavi, Bangalore",560091,10am-9pam,18001027797
274,Satyanarayana Puram,VIJAYAWADA,"D.No:26-13-19, NRP ROAD, NEAR GHANDI NAGAR POST OFFICE, SATYANARAYANA PURAM, VIJAYAWADA, ANDHRA PRADESH",520003,10am-9pam,18001035164
275,Surya Raopet,VIJAYAWADA,"Reliance Fresh limited. D/r no:29-14-13,opp:sbi Zonal office. Prakasham Road,Vijayawada-10,",520010,10am-9pam,18001032902
276,OneTown,VIJAYAWADA,"Reliance Fresh Limited Dno:11-15-8,K K Towers, Vinnakota vari Street, Vijayawada",520001,10am-9pam,18001034330
277,M G Road,VIJAYAWADA,"Reliance Fresh Ltd,D.No:40-1-52/6,Acharya ranga nagar,Benz Circle,MG Road,Vijayawada-10",520010,7am-9pm,18001028867
278,Bhavanipuram,VIJAYAWADA,"Municipal No:76-60-8, Distribution Center, Bi-pass Road, Bhavanipuram, Vijayawada",520012,9.30am-8.30pm,18001037010
279,Bhimavaram,BHEEMAVARAM,"Reliance Super (6096), Old Padmshri Theatre,Padmasri complex,Municipal No. 22-2-86  main road, Bhimavaram pin No. 534201",534201,9.30am-8.30pm,18001031197
280,GNT Road,RAJAHMUNDRY,"Reliance Hypermart Limited(6092)Door No 10, 11, 23 to 31,Town Survey No 85, 95 & 797,Ward  no 3, Block no 3,Guntur Road  Road, Rajamundry Town,East Godavari Dist - 533101",533101,10.30am-9.30pm,18001027280
281,NarendraCentre,TANUKU,"Reliance Hypermart Ltd,H.NO 18-5-21,Main Road,Opp.Telephone Exchange,West Godavari Dist - Tanuku - Andhra Pradesh",534211,10am-9pam,18001029208
282,Patamata,VIJAYAWADA,"RRL Super Patamata; Reliance Retail Limited; Ground Floor No.73-1-10/1,73-1-13;Opp Durga Mahal; MG Road - Vijayawada",520010,10am-9pam,18001032442
283,Porur,CHENNAI,"Reliance Fresh Ltd, No:51/7 Arcot Road, Porur, Chennai-116",600116,10am-9pam,18001027724
284,LloydsRoad,CHENNAI,"Reliance Fresh Ltd, No,87/67,Aavai Shanmugam Salai,Lloyds Road,  Royapettah, Chennai-14.",600014,7am-9pm,18001030637
285,"T nagar,North Usman Road",CHENNAI,"Reliance Fresh Ltd ,No;20/4/1&2 G R Plaza,  North Usman Road, T Nager",600017,10am-9pam,18001029546
286,Natesan Nagar,CHENNAI,"Reliance Fresh Ltd ,N0 1 Kaliamman Koil Street, Virugambakkam,Natesan Nagar Chennai.600092",600092,10am-9pam,18001030848
287,"Eldams Road,Teynampet",CHENNAI,"Reliance Fresh Ltd, Old No 136,New No 80,Eldams Road, Teynampet ,Chennai-600018",600018,10.30am-9.30pm,18001032862
288,Chemiars Road,CHENNAI,"Reliance Fresh Ltd , Old No.19, New No.4, Abhinav Center, Co-Opprative Colony, Off Chamiers Road, Chennai",600018,10.30am-9.30pm,18001027578
289,Cholaimedu,CHENNAI,"Reliance Fresh Ltd , Old No 10/New No.25, Reliance Fresh, Abdullah Street, Cholaimedu, Chennai 600094",600094,10.30am-9.30pm,18001036917
290,"Panchaliamaan,Arunbakkam",CHENNAI,"Reliance Fresh Ltd ,30/45, Panchaliamman Kovil Street ,Arumbakkam, Chennai",600106,10am-9pam,18001036920
291,Valsaravakkam - 2,CHENNAI,"Reliance Fresh Ltd, No 21, Arcot Road, Valasaravakam 2 Kesavarthini, Chennai -600087 Nr Hot Chips",600087,10am-9pam,18001028175
292,Pattabhiram,CHENNAI,"Reliance Fresh Ltd ,216,MTH Road,Thandurai,Pattabiram, Chennai",600072,10am-9pam,18001037429
293,West mambalam,CHENNAI,"Reliance Fresh Ltd ,No-18,Thru Venkadam Street,West Mambalam, Chennai -33",600033,9am-9pm,18001036701
294,Avadi,CHENNAI,"Reliance Fresh Ltd ,No:86,CTH Road, Anna Square,. Avadi, Chennai",600054,8am-9pm,18001029927
295,Ambattur OT,CHENNAI,"Reliance Fresh Ltd ,Old No.225,New No.83,MTH Road,Venkatapuram,Ambatture OT, Chennai,Tamil Nadu.",600053,9am-10pm,18001031097
296,Poonamallee,CHENNAI,"Reliance Fresh Ltd , No.27A,Trunk Road, Poonamallee ,Chennai-600056 Tamil Nadu",600056,10am-9pam,18001033047
297,Maulivakkam,CHENNAI,"5C/211, Kundrathur main road,Moulivakkam, Chennai",600116,10am-9pam,18001033956
298,VaishaliNagar,AJMER,Plot No 241-242 Main Rd Vaishali Nagar Ajmer Rajasthan 305006,305006,10am-9pam,18001035399
299,Beawar Road,AJMER,64/13 Jadwal House  Beawar Road AjmerRajasthan-305901,305901,9.30am-8.30pm,18001027509
300,Kesarganj,AJMER,"67/24, Madan Gopal Road Kaiser Gunj  AjmerRajashthan",305001,7am-9pm,18001032250
301,NasiradabadRoad,AJMER,"Plot No. 17, 18 & 20, Village Thok Maliyan, Near Manuhar Samaroh Sthal, Sat Peepli, Opp. Balaji, Nasirabad Road, Ajmer, Rajasthan",305001,10am-9pam,18001034831
302,Daitya Magri,UDAIPUR,Plot No. 21  Daitya Mangari Fatehpura  Udaipur-313001,313001,10.30am-9.30pm,18001032082
303,TakComplex,UDAIPUR,Plot No. 176A Tak Complex  Fatehpura Main Road  Fatehpura Scheme Udaipur-313001,313001,10am-9pam,18001029324
304,HiranMagari,UDAIPUR,Shri Krishana Complex  Sector-3 Hiran Mangari  Main Road Udaipur-313001,313001,10.30am-9.30pm,18001034042
305,Kanta Kathuria,BIKANER,"Plot No. E-9 & E-10, Kanta Khaturia Colony, Bikaner, Raj.",334001,7am-9pm,18001034007
306,Pawanpuri,BIKANER,"Plot No. 3 & 4, Block - B, Karni Nagar, Nagnechiji, Bikaner",334001,10am-9pam,18001029043
307,Rani Bazar,BIKANER,"Rawat Villa Near P.N.B., Rani Bazar Chauraha, Bikaner, Rajasthan",334004,10am-9pam,18001031723
308,Lake City Udaipur,UDAIPUR,"Lower Ground Floor Lake City Mall, Plot No. 1, Ashok Nagar Main Raod  , Udaipur-313001",313001,7am-9pm,18001027927
309,Chitlapakkam,CHENNAI,"Reliance Fresh Ltd ,124,Chitlapakkam Main Road, Ganesh Nagar, Rajakilpakkam, Chitlapakkam, Chennai",600073,10.30am-9.30pm,18001027694
310,Velachery Main rd,CHENNAI,"Reliance Fresh Ltd, No.52/1 Velachery Main Road, Dhandeeshwaram,Velachery Chennai-600042.",600042,9am-9pm,18001031000
311,Ashok Nagar,CHENNAI,"Reliance Fresh Ltd ,Old No.22, New No.15, 11Th Avenue, Ashok Nagar, Chennai",600083,8am-9pm,18001033053
312,Madipakkam,CHENNAI,"Reliance Fresh Ltd , #41/9, Ananthis Rajendra Tower, Medavakkam Main Road, Ganesh Nager, Madipakkam, Chennai",600091,7am-9pm,18001033378
313,Adyar,CHENNAI,"Reliance Fresh Ltd ,No 456, IIIrd  Avenue, Indra Nagar, Adyar Chennai",600020,9am-10pm,18001028265
314,Nanganalur,CHENNAI,"Reliance Fresh Ltd ,No,9 TMA Mahal, 48Th Street, Nanganallur, Chennai , (Near  Karur Visya Bank)",600061,10am-9pam,18001027315
315,Puluthuvakkam,CHENNAI,"Reliance Fresh Ltd ,No.3 Alandur-Madipakkam Main Rood , Puluthivakkam, Chennai",600091,10am-9pam,18001028915
316,Saidapet,CHENNAI,"Reliance Fresh Ltd ,No. 23, Tank Square St., Saidapet West, Chennai",600015,10am-9pam,18001027230
317,Chandran Nagar,CHENNAI,"Reliance Fresh Ltd ,No:9 CLC Works Road Chandran Nagar, Chrompet ,Chennai.Tamil Nadu",600044,10.30am-9.30pm,18001037336
318,Medavakkam,CHENNAI,"Reliance Fresh Ltd ,5/539, Velavhery Main Road, Medavakkam Koot Road, Medavakkam Chennai",600100,10am-9pam,18001034682
319,Ramnagar,CHENNAI,"Reliance Fresh Ltd ,No.920/921 Bazzar Road Ramnagar ,North Madipakam, Chennai",600091,10am-9pam,18001034126
320,Pallavaram,CHENNAI,"Plot No. 4/48 and 4/49, Pillayar Koli street,Pallavaram, Chennai",600043,10am-9pam,18001031460
321,Thoppumpaddy,KOCHI,"Reliance Fresh, Reliance Retail Ltd,  Kandathil Building Complex P.T Jacob Road,  Thoppumpady Kochi- 682 005.",682005,10am-9pam,18001029011
322,Edappally,KOCHI,"Reliance Fresh, Reliance Retail Ltd,  631A/1, Ground Floor, Ambadi Towers, Edappally P O, Kochi- 682 024.",682024,10.30am-9.30pm,18001028626
323,Elamakkara,KOCHI,"Reliance Fresh, Reliance Retail Ltd,  48/996-A, Eacharangat Building, Deshabhimani Road, Elamakkara, Cochin- 682 026",682026,10.30am-9.30pm,18001034444
324,Kalamassery,KOCHI,"Reliance Fresh, Reliance Retail Ltd,  Pathicheril Building, Kalamassery, Cochin- 682 033.",682033,7am-9pm,18001027527
325,"Girinagar,Kadavanthara",KOCHI,"Reliance Fresh, Reliance Retail Ltd,  No.28/706 A, Thayankeril K P Vallon Road,  Girinagar- 682 020",682020,10.30am-9.30pm,18001030456
326,JawaharNagar,KOCHI,"Reliance Fresh, Reliance Retail Ltd,  Bldg. No.31/1149- B C,  Near Star Park Appartments, Kochi- 682 019.",682019,7am-9pm,18001035826
327,"Paravoor,Opp H P petrol Pump",KOCHI,"Reliance Fresh, Reliance Retail Ltd,  Bldg.No. 146-151 Opp. B.P Petrol Pump Paravoor- 683 513.",683513,10am-9pam,18001034387
328,Chullickal,KOCHI,"Reliance Fresh, Reliance Retail Ltd,  Kaliyath Tower, Opp. Hotel Abad Chullikkal Road, Thoppumpady P O Pin 682 003",682002,10.30am-9.30pm,18001034810
329,Palai,PALAI,"Reliance Super, Reliance Retail Ltd, Santhom Commercial Complex, Kottaramattom, Pala Kottayam – 686 575",686575,10am-9pam,18001032231
330,Vazhakkala,KOCHI,"Reliance Super, Reliance RetailLtd, Heavenly Bridges Plaza, Padamugal  Vazhakkala, Cochin – 682 030",682030,9am-9pm,18001028848
331,Muvattupuzha,KOCHI,"Reliance Super, Reliance RetailLtd, Kattackal Yohans Plaza, M. C Road, Muvattupuzha P. O. ,  Ernakulam – 686 661",686661,10am-9pam,18001029106
332,O Mall,KOCHI,"Reliance Super, Reliance Retail Ltd, Obreon Mall, Ground Floor, N H Bye pass, Edapally, Cochin – 682 024.",682024,10am-9pam,18001030033
333,Beta 1 Main mkt G.NOIDA,NOIDA,BP 20 Sector beta 1 Main market Greater Noida (UP),201308,9.30am-8.30pm,18001030859
334,Shakarpur,NEW DELHI,"WA-84 & 84A  SHAKARPUR, NEW Patpargang Road Delhi",110092,10am-9pam,18001027358
335,"Shasti Park,Chander Nagar",DELHI,85/1 Chander Nagar Delhi-110051,110051,10am-9pam,18001031655
336,Madhuban Road,DELHI,"31/32 A, Dayanand block, Madhuban Road, Delhi -92",110092,7am-9pm,18001035884
337,Pandav Nagar,DELHI,"Reliance Fresh, A-108, Pandav Nagar, Delhi-110092.",110092,10am-9pam,18001028025
338,Jittar Nagar,DELHI,"F-22,22a &24 Parwana Road,Jagatpuri",110051,7am-9pm,18001029314
339,Acharya Niketan,DELHI,"D-1/3,Acharya Niketan,Mayur Vihar Phase-1,Delhi-91",110091,9am-10pm,18001036018
340,Kichripur,DELHI,"Reliance Fresh, R1,R2, East Vinod Nagar, Main Road Khichripur, Delhi-110091",110091,7am-9pm,18001030886
341,Hassanpur,DELHI,"PLOT NO-53,GOUND FLOOR, HASSANPUR VILLAGE NEW DELHI",110092,10.30am-9.30pm,18001027785
342,Ansal Plaza,DELHI,"AF:56-61 ansal plaza Reliancesuper, attrioum floor Greater Noida, U.P",201306,9am-10pm,18001034022
343,FrazerTown,BANGALORE,"Municipal No. 25, Coles Road, Pulakeshi Nagar, Bmp Ward No. 91, Frazer Town, Bangalore-560 005",560005,10.30am-9.30pm,18001034394
344,HennurMainRoad,BANGALORE,"Site No. 475-438/184-4 ( Old No. 437/475/438-184/3), Hennur Cross, Hennur Main Road, Kalyan Nagar Post, Bangalore-560 043.",560043,10.30am-9.30pm,18001027645
345,Uttarahalli,BANGALORE,#48 Uttarahalli Village  Subramanyapura Main Road Next To K.R. Hospital Bangalore-560 069,560069,10am-9pam,18001035622
346,KonenkunteCross,BANGALORE,Annapurneshwari Complex  Anjanapura Main Road  Opp. Soudhamani Kalayana Mantapa Konankunte Bangalore,560062,7am-9pm,18001034354
347,OmbrLayout,BANGALORE,"Bmbmp No:23 & 24(House No: 330& 337), 4Th Cross, Chikbanaswadi Main Road (Bda Road),Ombr Layout, Banglore-560043",560043,10am-9pam,18001035970
348,Srinivasa Nagar,BANGALORE,"Municipal No. 11 & 12, Pid No. 54-365-11 & 12, Srinivas Nagar, Banashankari, 2Nd Phase, 3Rd Stage, Bangalore-560 050.",560050,10am-9pam,18001033112
349,Cosmo club,BANGALORE,"Cosmopolitan Club,22Nd Cross 3Rd Block,Jayanagar,Banglore-560043",560043,10.30am-9.30pm,18001034228
350,South End Road,BANGALORE,"Municipal No.36, South End Road, Basavanagudi, Bangalore - 560004",560004,10am-9pam,18001031665
351,Banaswadi,BANGALORE,"Municipal No. 59, Pid No. 86-61-59 & No. 60, Pid No. 86-61-60, Banaswadi Main Road, Maruthiseva Nagar, Bangalore-560 043.",560043,8am-9pm,18001030993
352,Saraki,BANGALORE,Municipal Corporation No. 48/49 Old Khatha No. 389/48-49  Bmp Pid No. 57-240-48/49 Sarakki Main Road  1St Phase Jp Nagar Bangalore-560 078.,560078,10am-9pam,18001028537
353,Begur,BANGALORE,Bommanahalli Cmc Khata No.3/3  Hongasandra Village Begur-Hobli  Bangalore -68,560068,9.30am-8.30pm,18001029708
354,AGS Layout,BANGALORE,"Site No 7 & 8,Itmadu,Arehalli Main Road, Ags Layout,Bangalore 560 062",560062,9am-10pm,18001033994
355,Parappan Agrahar,BANGALORE,"3099-Jail Road,VP Khata No 62/3,Parappanagrhara,Begur Hobli,Bangalore-560100",560100,10am-9pam,18001027380
356,SarlaGrand,BANGALORE,"Opposite to HSBC,CMC khata no 1402,old no 194,195,196,Bannerghatta main Road,Beleckahalli Village,Bangalore-560076",560076,10am-9pam,18001028468
357,BTMLayout,BANGALORE,100Ft Ring Road  2Nd Stage Btm Layout Bangalore-560076,560076,10.30am-9.30pm,18001034903
358,Vinyas Manion,BANGALORE,"Reliance Retail Limited, 496,2nd block, 2nd Phase,6th Stage, BTM Layout,Bangalore- 560076",560076,9am-9pm,18001034305
359,"Vinayaka Temple, Lingarajpuram",BANGALORE,"BBMP PID No. 89-281-22, Oil Mill Main road,Kacharakanahalli, Bangalore",560084,9am-9pm,18001030746
360,Hesarghatta,BANGALORE,"Site No. 1 & 15, Dasarahalli Cmc Khatha No. 423, Hesaraghatta Main Road, Yeshwanthpura Hobli, Bangalore-560 057.",560057,10.30am-9.30pm,18001037449
361,Mathikere,BANGALORE,"Municipal No. 39 & 40, Hmt Main Road, Behind Ramaiah College Bus Stop, Gokula 1St Stage, 2Nd Phase, Mathikere, Bangalore-560 054.",560054,10am-9pam,18001033760
362,Kanakanagar,BANGALORE,Bmp No.146 Property Id No. 96-174-146 1St Man Rd. Kanaknagar Manarayanapallya  Corp Ward No. 96 Bangalore- 560032,560032,7am-9pm,18001035165
363,VidyaranyaPura,BANGALORE,"Cmc No. 1130/600, Hmt Employees Co-Operative Housing Building Society Ltd. Vidyaranyapura Mn. Rd., Bangalore-560 097.",560097,9am-9pm,18001037157
364,SahakarNagar-02,BANGALORE,"Plot No-60, Byatarayanpura Cmc, Khata 60/60 Saharkarnagar ,Bangalore-560092",560092,10am-9pam,18001036708
365,AyyappaTempleRoad,BANGALORE,"Reliance Fresh, Near Ayyapa Temple, Sm Road, Jalahalli, Bangalore-560057",560057,8am-9pm,18001031138
366,Amurthalli,BANGALORE,"Site No. 23 To 30, Survey No. 136/1,Yelahanka, Bangalore - 560064",560064,9am-10pm,18001028275
367,New Yelanka Town,BANGALORE,"No. 6, Hig, Yelahanka Cmc Khatha No. 898, 1St ‘A’ Main, Sector-A,Yelahanka New Town,Bangalore – 560 064",560064,10am-9pam,18001035986
368,Sanjay Nagar,BANGALORE,"No.4,3Rd Main Gmr Layout,Gedalahalli,Opp Rmv Hospital,Sanjaynagar Mn Rd,Bangalore-560094",560094,10am-9pam,18001036229
369,Bhuveneswahri Nagar,BANGALORE,House List No.1.Katha No. 574/745A/1 & Katha No. 574  9Th Cross Bhuvaneshwari Nagar  Bangalorekarnataka.,560024,9.30am-8.30pm,18001036271
370,Vijaynagar TTMC,BANGALORE,"RFL MART ,Near Maruti Mandhira, VIJAY NAGAR TTMC , BANALORE, 560040",560040,9am-9pm,18001028204
371,RF VIDYARANPURA,BANGALORE,"Mars Enclave, Doddadommasandra Main , Vidhyaranyapura, Bangalore 560097",560097,10am-9pam,18001029830
372,New BEL Road,BANGALORE,Muncipal No.1 Chikkmaranahalli New Bel Road  Bmp Ward -100 Bangalore-560013,560013,10am-9pam,18001028836
373,Mallasandra,BANGALORE,"Reliance Retail Limited ,servey No 37/7 pipline Road Road oppt to Guru  shenimahatma Temple Mallasandra Dasarahalli,Banglore",560057,7am-9pm,18001036246
374,Thanisandra,BANGALORE,"Reliance Retail Limited, Near Shiva temple, Kattigenahalli,Bagalur Main Road Near Brindavan college, Opp.YSR farms ,Bangalore -560063.",560063,10am-9pam,18001030705
375,Mathru Krupa,BANGALORE,"Reliance Retail Mathru Krupa – Sanjaynagar, D. Rajagopal Road, Opposite Millennium School, Nagashettyhalli, Sanjaynagar, Bangalore.",560094,10am-9pam,18001036810
376,Seethammadhara,VISAKHAPATNAM,"Reliance Fresh limited, 5-13-5, Venu Surya Vihar, Ward no.26, Seethammadhara, Visakhapatnam - 530013",530013,10am-9pam,18001036140
377,Marippalem,VISAKHAPATNAM,"RELIANCE FRESH LIMITED 38-40-33,104 AREA MARRIPALEM, VISAKHAPATNAM",530018,7am-9pm,18001035499
378,MVP Colony,VISAKHAPATNAM,"RELIANCE FRESH LIMITED D.NO-2-30-7, SECTOR-6,M.V.P.COLONY VISAKHAPATNAM, PIN-530017",530017,10am-9pam,18001036420
379,Chinna Waltair,VISAKHAPATNAM,"Reliance fresh ltd,D NO.7-1-63, Rk's sivarama Das Estates Chinnawaltair Jn Visakhapatnam-530017",530017,10.30am-9.30pm,18001029307
380,Pedda Waltair,VISAKHAPATNAM,"reliance fresh ltd raghu enclave d.no - 8-1-84/a,pedawaltair, visakhapatnam -17",530017,10am-9pam,18001033327
381,Shantipuram,VISAKHAPATNAM,"Reliance Fresh, D.No.49-52-1/16, Santhipuram, Adusha Towers, Visakhapatnam-16",530016,10am-9pam,18001033551
382,Gajuvaka,VISAKHAPATNAM,"Reliance Fresh, D.No.12-60-40/1, B.C.Road, New Gajuwaka, Visakhapatnam, Andhrapradesh.",530026,10.30am-9.30pm,18001032729
383,KAKINADA,KAKINADA,"D Nos. 13-5-2, 13-5-1/6,13-5-1/7 & 13-5-4/2,Ramasomayajulu Street, Suryaraopet, Kakinada, East Godavari",533001,7am-9pm,18001028736
384,Civil Lines,JABALPUR,Caravas Aseem Complex Shop No 15 South Civil Lines Jabalpur,482001,10.30am-9.30pm,18001032360
385,Gorakhpur,JABALPUR,Reliance Fresh Avtar Complex Gorakhpur Jabalpur,482001,10.30am-9.30pm,18001028682
386,Madan Mahal,JABALPUR,"Reliance Fresh Limited H. No. 697 Plot No. 90/1,90/2,Khasra No. 7475, Narsingh Ward,Amanpur Road,  Madan Mahal, Jabalpur (M.P.)",482002,7am-9pm,18001030112
387,Damoh Naka,JABALPUR,"Reliance Fresh Ltd. Commarcial Buliding, Damohnaka, 1298- Cherital, Jabalpur (M.P)",482002,10.30am-9.30pm,18001034504
388,Nandanwan,NAGPUR,Reliance fresh jagnade chock nandnwan nagpur,440009,10am-9pam,18001034017
389,Shewalkar Garden,NAGPUR,"Reliance Fresh Ltd. Shewalkar Garden, KH-38, Gopal Nagar, Opp. VRCE, South Ambazari Road, Nagpur. - 440022.",440022,10am-9pam,18001027204
390,Manish nagar,NAGPUR,"Reliance Fresh Limited, Manish Nagar,Jayanti Mansion III Plot No - 2 Kh.No- 81/1 Nagpur",440015,7am-9pm,18001032237
391,NSR Road,COIMBATORE,"Reliance Fresh Ltd ,No12/18/1-A&1B, NSR Road,Saibabacolony, Coimbatore.",641011,10am-9pam,18001028742
392,Ramanthapurman,COIMBATORE,"Reliance Fresh Ltd, No:432 Sriraam Plazaa Najundapuram Road, Ramanathapuram Coimbatore",641045,10am-9pam,18001035830
393,Peelamedu,COIMBATORE,"Reliance Fresh Ltd ,Door No:48, Shankar Layout, Lakshmipuram 5Th Street, Peelamedu, Coimbatore Tamil Nadu",641004,10am-9pam,18001036623
394,Saravanampatti,COIMBATORE,"Reliance Fresh Ltd , 237 Sathy Main Road, Saravanampatti, Coimbatore 641035 Tamil Nadu",641035,10am-9pam,18001036404
395,Agraharam -2,SALEM,"Reliance fresh,66/67 Narasu's Arcade 2nd Agaraharam, salem city.",636001,9am-10pm,18001029637
396,Hasthampatti Salem,SALEM,"Reliance Fresh Ltd ,42/5,Avg Mahal,Manakadu Itteri Road,Hasthampatti,Salem.",636007,10.30am-9.30pm,18001035402
397,PN Palayam,COIMBATORE,"Reliance Fresh Ltd, Survey No-422/1-A,Mettupalayam Road P.N Palayam, Coimbatore-641 020.",641020,10am-9pam,18001034028
398,Saradha Theatre/Ammapet,SALEM,"Reliance Fresh Ltd ,66/67 Narasu'S Arcade 2Nd Agaraharam, Attoram street, Salem",636003,10am-9pam,18001037444
399,Fun Republic Mall,COIMBATORE,"Reliance Mart Limited, No 474, fun Republic Mall,Lower Ground floor,Avinashi Road,Sowripalayam Village,Coimbatore- 641004",641004,10.30am-9.30pm,18001037137
400,Khatipura,JAIPUR,"P.No. 31, Marudhar Vihar, Khatipura Circle, Jaipur - 302012",302012,7am-9pm,18001030805
401,Shastri Nagar,JAIPUR,"Plot No. A49A, ""Shree Shyam Complex"", Kanwatia Circle, Shastri Nagar, Jaipur - 302016",302016,10am-9pam,18001032355
402,Vidhyadhar Nagar,JAIPUR,"Galaxy Star, A-2, Central Spine, Vidhadhar Nagar, Jaipur-302004",302004,9am-9pm,18001028726
403,Vaishali Nagar,JAIPUR,"E-18, Gautam Marg, next to SukhSuvidha, Near Amrapali Circle, Vaishali Nagar, Jaipur-302021",302021,10am-9pam,18001036457
404,New Sanagner Road,JAIPUR,"Plot no#1, D P Colony, Opp  Rampath, New Sanganer Road, Jaipur-302011",302011,10am-9pam,18001031042
405,Muralipura,JAIPUR,Plot No. 29 & 15  residential scheme no. 5  Pravasi Nagar MurlipuraJaipur-302023,302023,10am-9pam,18001032687
406,Gopalpura Bye Pass,JAIPUR,412/413 B Surya Nagar Gopal Pura Byepass  Jaipur-302019,302019,10.30am-9.30pm,18001034232
407,Jhotwara,JAIPUR,Plot No 101/102 RamnathpuriKalwar Road Jhotwara302012,302012,7am-9pm,18001030104
408,Khirni Phatak,JAIPUR,"Plot No. 271 A & 282 A  Tara Nagar Khirani Phatak Road  Jhotwara, Jaipur-302012",302012,7am-9pm,18001028395
409,Brijlal Pura,JAIPUR,"Plot No 77, Scheme No 8, Brijlalpura, Kings Road,Jaipur",302005,10.30am-9.30pm,18001031487
410,Elements Mall,JAIPUR,"GF, Elements Mall,",302019,10.30am-9.30pm,18001036545
411,Annanangar East,MADURAI,"Reliance Fresh Ltd ,No.1A Anna Nagar East, @nd Main Road Madurai-20",625020,9am-10pm,18001035108
412,KK nagar,MADURAI,"Reliance Fresh Ltd ,466/467 80Ft Main Road, Kk Nagar, Madurai-20",625020,7am-9pm,18001031484
413,SBOA Colony,MADURAI,"Sriram Mahal, Melakal Main Road (opp Senner), DOAK Nagar, Madurai - 16",625016,10am-9pam,18001032803
414,Padma Theatre,MADURAI,"Reliance Fresh Ltd, New No:60 Arupukottai Main Road, Opp:Karnataka Bank ,Madurai",641602,10am-9pam,18001031675
415,Sri sathya sai nagar,MADURAI,"Reliance Fresh Ltd ,#9, Aprajitha Complex, Sathya Sai Nagar Main Road, Opp-Anandhanilayam, Madurai.",625003,10am-9pam,18001031225
416,HB Road,TRICHY,"Reliance Fresh Ltd , 65/10,Heber Road, Beemanagar,Cantonment Trichy-1",620001,10.30am-9.30pm,18001031149
417,KK nagar (trichy),TRICHY,"Reliance Fresh Ltd ,48%48/1,-11,Saranya Complex, Mahalakshmi Nagar, EVR Salai, KK Nagar, Trichy.",620021,7am-9pm,18001031069
418,Srinivasa Nagar,TRICHY,"Reliance Fresh Ltd ,No9,Vayalure Main Road, Srinivasanagar, Trichy-620017",620017,10am-9pam,18001037371
419,ThiruNagar,MADURAI,"Reliance Fresh Ltd ,45 A, Park Street, Rajaji Nagar ,Thirunagar, Madurai",625006,10am-9pam,18001035026
420,KamrajSalai,MADURAI,"Reliance Fresh Ltd ,213-C, Anna Bungalow,Next To Icici Bank,Kamrajar Salai,Madurai",625009,7am-9pm,18001029998
421,Mangalam Towers,TIRUCHIRAPPALLI,"Reliance Mart,Mangalam Towers,Reynolds Road, Cantonment, Trichy",620001,7am-9pm,18001030558
422,BibiKulam,MADURAI,"Reliance Mart, 79,Pt Rajan Road,Opp Income Tax Office, Bibikulam, Madurai",625002,9.30am-8.30pm,18001034190
423,Layola College - Old Alwal,SECUNDERABAD,"Rf alwal-Nr.loyolacoll.hyd munciapal no 4-166/95 4-165/30(new),2-53/1,2-53/13 (old)old alwal, Andhra pradesh",500010,7am-9pm,18001028309
424,West Marredpally,SECUNDERABAD,"Reliance Fresh Limited 3-6-202&205,Boosareddyguda, Weat Maredpally,Secunderabad, Andra Pradesh.",500026,9am-9pm,18001037388
425,Alwal,HYDERABAD,"Royal Residency G-1G-2 G-3 hno:1-12-9/3/6 &1-12-9/9 survey no:191 jai jawahar co-operative house building society ,ALWAL municipal.RR district.",500010,9am-10pm,18001034518
426,Neredmet,HYDERABAD,"Reliance Hypermart Limited, Plot No.355,357,353,Sree Kalyan Constractions,Defence Colony, Neredmet,Hyd,AP",590094,10am-9pam,18001034862
427,Bowenpally,SECUNDERABAD,"Reliance Fresh Limited plot no:26 survey no:143 145&146 Sri malani coopertaive, Park View enclave,Thokatta Village Bowenpally-Secunderabad.",500009,9.30am-8.30pm,18001028830
428,Malkajgiri,HYDERABAD,"House No:1-96;Ground Floor,Sai Nagar Near Malkajgiri Railway Station,Secunderabad.",500047,7am-9pm,18001031060
429,Kushaiguda,HYDERABAD,"H.No: 1-10-28, Plot No:4&5, Nagarjuna Calony, Kushaiguda, Hyderabad.",500062,7am-9pm,18001037256
430,Hanumakonda,WARANGAL,"Reliance fresh ltd H.No:2-10-869/1,2-10-869, Opp:District forest office, Subedari,hanamkonda, warangal.",506370,10.30am-9.30pm,18001030968
431,Nayeem Nagar,WARANGAL,"RELIANCE FRESH LIMITED, M. NO 2-2-212. 212/a 1 NAYEEM NAGAR, OBB:SBI BANK, HANUMAKONDA, WARANGAL.",506001,10am-9pam,18001035585
432,pochamma,WARANGAL,"11-25-32,block -11, vasavi colony road,warangal",506002,10am-9pam,18001032325
433,NACHARAM HYDERABAD,HYDERABAD,"Gram Panchayat H.NO:-7-17/8,SITUATED AT BLOCK1,PLOT NOS.1,2,3,4, PART&5PART,Sy.NOS.94,99,99,Nacharam Village,Uppal Mandal, RR Distt.  Hyderabad, Andhra Pradesh - 500076",500076,10am-9pam,18001030343
434,Alankar Chowrastha,WARANGAL,"Reliance Hyper mart Ltd. Survey no. 778//A, 778/D, Old Alankar Theater, Muncipal No. 7-7-348 & 349, Alankar chowrastha, Hanamkonda, Warangal 506001",506001,9am-10pm,18001030739
435,Damaigudda (Opp More),HYDERABAD,"Plot No:-12 & 14, Survey No: 411, Saket Road, Dammaiguda, Hyderabad.",500083,10.30am-9.30pm,18001028262
436,Beach Road,CALICUT,"Reliance Fresh, Reliance Retail Ltd,  Taj Building Opp.Tagore Hall, R.C Road Calicut-673 032.",673032,9.30am-8.30pm,18001034137
437,Meenchanda,CALICUT,"Reliance Fresh, Reliance Retail Ltd,  Happy Towers, NH Road Vattakinar, Meenchanda, Calicut- 673 018",673018,10am-9pam,18001036814
438,Ramanattukara,CALICUT,"Reliance Fresh, Reliance Retail Ltd,  Opp. Shanthi Hospital Palakkad Road, Ramanattukara Calicut- 673 633.",673633,10am-9pam,18001037143
439,Nadakkavu,CALICUT,"Reliance Fresh, Reliance Retail Ltd,  C M Mathew Brothers Arcade, Chakorathukulam Nadakkavu, Calicut- 673011",673005,10am-9pam,18001037118
440,Pottammel,CALICUT,"Reliance Fresh, Reliance Retail Ltd,  Clock Tower, Medical College Road,  Pottemmal, Calicut- 673 016.",673017,10am-9pam,18001035091
441,Kunamkulam,TRICHUR,"Reliance Fresh, Reliance Retail Ltd,  Kunnamkulam Trade Centre, Town Hall Road, Kunnamkulam, Trichur- 680 503",680503,7am-9pm,18001031432
442,Chalakudy,TRICHUR,"Reliance Fresh, Reliance Retail Ltd,  Buildg. No. 476/1, K K Tower KSRTC Road, Chalakkudy P O Thrissur - 680 307.",680307,10.30am-9.30pm,18001028330
443,Irinjalakuda,TRICHUR,"Reliance Fresh, Reliance Retail Ltd,  Nakkara Complex, Opp. Town Hall, Irinjalakkuda Trichur- 680 121",680121,7am-9pm,18001037453
444,Kunnamangalam,CALICUT,"Reliance Fresh, Reliance Retail Ltd,  Sreepadmam Building Opp. Pvt Bus Stand, Kunnamangalam, Calicut - 673 571",673571,7am-9pm,18001033243
445,Thamarassery,CALICUT,"Reliance Super, Reliance RetailLtd, Kanjirathinkal Towers, Opp. Post Office, Thamarassery P O, Calicut – 673 573",673573,10am-9pam,18001034245
446,East Fort,TRICHUR,"Reliance Super, Reliance Retail Ltd, City Palace, East Fort Junction Trichur – 680 005",680005,10.30am-9.30pm,18001030436
447,UtsaComplex,KOLKATA,"Reliance Fresh Ltd, Shop No.Com101-104, Ground floor, AG/1 Utsa Centre , Condeville Com, Actiot Area-I, Rajarhat, Kolkata.",700101,10am-9pam,18001034855
448,Budgebudge,KOLKATA,"20/b S.N.Banerjee Road ,P.S. Budge Budge",700137,10.30am-9.30pm,18001030478
449,SodepurBarasatRoad,KOLKATA,"Katghola , Sodepur Barasat Rd., Po- Sodepur , P S - Ghola Kolkata-700110",700110,10am-9pam,18001036440
450,BangurAvenue,KOLKATA,"88 Block B, Bangur Avenue",700055,8am-9pm,18001034600
451,Barasat Colony More,KOLKATA,"reliance fresh ltd,13,laxmi narayan colony,kolkata,barasat",700124,9.30am-8.30pm,18001028629
452,Jodhpur Park,KOLKATA,"71,Jodhpur Park Kolkata-700068 Weat Bengal",700068,7am-9pm,18001028608
453,Barrackpore Railway Station,KOLKATA,"Barrackpore, gaja goli , 24 pgs(N) Barrackpore, PS Tithaghar",700120,9.30am-8.30pm,18001027353
454,Kedarnath M Lane,KOLKATA,"Reliance Fresh Limited. 12/1 Kedarnath Mukherjee lane, 100ft HIT Road, Ward no: 23 Kdm Market Area, Howrah 711101",711101,7am-9pm,18001032762
455,NetajiNagar,KOLKATA,"Indraprastha Appartment, 2/65, NSC Bose Road, Nataji Nagar, Kolkata - 700092",700092,10am-9pam,18001032430
456,Italgacha  Vasundhara Apartment,KOLKATA,"Basundhara Apartment 27, Basundhara Apartment, Italgacha Road, Airport Gate No.1,  Italgacha, North 24 pargana, W.B",700079,7am-9pm,18001027452
457,"Rajarahat, Shresta Garden",KOLKATA,"Shreshta Arcade, Holding no. RGM/3/163 & 197. BL-D,Ward no. 5, Rajarhat Main Road, Kalipark, P.S - Airport",700064,10am-9pam,18001029958
458,Ramanthapur,HYDERABAD,"Reliance fresh Shop no 1,2,15&16 Sai bhavani meera kam shetty mall Ramanthapur hyderabd",500013,10am-9pam,18001031975
459,Habsiguda,HYDERABAD,"Reliance fresh limited,Habitat homes ,plot no13&14 survey no 21,habsiguda,Andhrapradesh.",500007,10.30am-9.30pm,18001027422
460,"Vinaynagar Colony, Saidabad",HYDERABAD,"M NO 17-1-383/11/102&103 Sri Radha Residency,PlNo:11 Vinay Nagar,Saidabad,Hyderabad",500059,9am-9pm,18001034532
461,Vidyanagar,HYDERABAD,Reliance Fresh limited M.No:1-9-640&640/1 Samhitha Enclave Vidyanagar Hyderbad,500044,9am-9pm,18001031449
462,Survey of India,HYDERABAD,"Reliance fresh limited,survey of India, survey no;734/4,plot no:25,Balaji pride,Prasanth nagar,uppal,Hyd-500039",500039,10am-9pam,18001032791
463,Vanasthalipuram,HYDERABAD,"Rf vanasthalipuram ,polt No 27&298 ,Prasanthnagar,hill colony ,Andhra pradesh.",500070,10am-9pam,18001036134
464,Nagole Village,HYDERABAD,"Creative Sneha palace,Plot No 73p,74&75 Nagole Village, Survey Nos 141,142,143,&144 Hyderabad,Andrapradesh.",500068,10am-9pam,18001033185
465,Shivam,HYDERABAD,"M NO;2-2-1109/A/7,8&9 SHIVAM ROAD AMBERPET",500013,10am-9pam,18001029351
466,Manikonda,HYDERABAD,"Manikonda, Shri Sai Vaishnavi Enclave, Pappalaguda Village, Rajendra Nagar Mandal, Ranga Reddy Dist., Hyderabad, Telangana",500089,7am-9pm,18001032760
467,"Moodal Palaya, Ambalaal Property",BANGALORE,"BBMP, 1st main road, Huchappa layout,Amarajyotinagara, Moodalapalya, Bangalore",560072,10am-9pam,18001031299
468,"Loharuka, Khaikalli",KOLKATA,"Green Wood, VIP Road, Kaikhali,P. O. Airport, Kolkata",700152,7am-9pm,18001032950
469,Imperial Mall,PUNE,"Konkane Chowk,Pimple Saudagar,PCMC, Pune",411057,10.30am-9.30pm,18001035835
470,Gachibowli,HYDERABAD,"Gachibowli village, Serilingampally Mandal and Municipality,Gachibowli village, Serilingampally Mandal and Municipality - Hyderabad",500032,10.30am-9.30pm,18001034731
471,Avadi - Thambi,CHENNAI,"Avadi,Plot No 366, Kamaraj Nagar Main Road,Avadi, Chennai",600071,8am-9pm,18001029981
472,Perunglathur,CHENNAI,"RRL FRESH Srinivasa Nagar Perungalathur,6/17  Kalaignar NedunchalaiSrinivasa Nagar    Peerkankaranai Village,Perungalathur",600063,10am-9pam,18001029999
473,Balapur x Road Chandra Nagar,HYDERABAD,"RRL Fresh Balapur x Road Chanda Nagar,Sy No. 132 to 139,Block No. 5,Chanda Nagar - Hyderabad",500097,8am-9pm,18001029273
474,Star Plaza,MANDYA,"Residing at No-2220 100ft Road,Star plaza,Gandinagar K.B Circle, Mandya, Bangalore",571401,10am-9pam,18001037341
475,District Centre,BHUBANESHWAR,"Plot No. 314, Mauza, Chandrasekharpur , bhubaneswar",751023,10.30am-9.30pm,18001033888
476,Vijaynagar Mysore,MYSORE,"716/B, 7th cross,10th Main1st Stage,Vijaynagara,Mysore.",570017,9am-9pm,18001033483
477,Sangareddy,Sangareddy,"RRL Faresh Sangareddy Telangana, H.No 13 -15/A 29 (OLD)  4-8-89[New},Sy.Nos 206/1 & 207/1, Kalvakunta Sangareddy Town Medak Dist",500038,10am-9pam,18001029245
478,"Gangotri, Uttarpara",KOLKATA,"Gangotri Apartment,Gangotri Apartment, 25 B.R.B G.T Road,Uttarpara, Hooghly, West Bengal",700001,10.30am-9.30pm,18001028270
479,Medchal,HYDERABAD,"Pabbas Kapardhi Towers Ground Floor,Part B Bearing Sy. Nos.236&237, Plot no. 1 to 8,Medchal Village & Gram Panchayat, Medchal Mandal 501401",501401,10am-9pam,18001032534
480,Miyapur,HYDERABAD,"RRL Fresh Miyapur Hyderabad,Plot No-2&3 in Sy Nos 198/1A & 206/A Shop Nos G1&G2 Madeenaguda Village,Serillngampally Mandal UnderGHMC Serillingampally Circle 500050",500050,10am-9pam,18001035603
481,"SanatNagar, Motinagar",HYDERABAD,"H No. 7-2-1813/5/A/1, Sanatnagar (Fateh Nagar), TS no. 4, Block F, Ward 3, Bahalool Khan Guda(V), Ameerpet (M), Hyderabad",500018,10am-9pam,18001036484
482,"Suchitra Junction, Kompally",HYDERABAD,"Plot No C2 & C3 in survey no. 12&24 Pet Basheerbad (V), Quthbullapur (M), RR District -",500055,10am-9pam,18001037110
483,Mahatab Road,BHUBANESHWAR,"Plot No.1707 ,  Khata No.1126,  Near Narayani Club, Dakbangala Square,   Village - Kapilaprasad, Unit-23,   Bhubaneswar: 751002.",751002,7am-9pm,18001032453
484,Gandamunda,BHUBANESHWAR,"Plot No 400(P),sub-plot No-A,khata No-349,Mauza Bhimpur,PS Airfied Bhubaneswar Dist:Khurda ,Odisha",752050,10.30am-9.30pm,18001037284
485,GGP Colony,BHUBANESHWAR,"RRL Fresh GGP Colony Bhubaneswar, Plot 1015/2921  Khata 423/1438  GGP Colony, Goda Gobinath Prasad  Near Bhagawat Sandhan Mauza Bhubaneswar City  Unit No 37  Khurda Dist",751010,10.30am-9.30pm,18001036423
486,RF Nagothane,RAIGAD,"RRL Fresh Nagothane,Shops Nos 13 to 15 and 32 Shopping Centre,Petrochemicals Township Reliance Industries Ltd,Nagothane Manufacturing Division",402125,10am-9pam,18001030006
